Date,IBOV,BOVA11,ABEV3,AZUL4,BTOW3,B3SA3,BBAS3,BBSE3,BRML3,BBDC3,BBDC4,BRAP4,BRKM5,BRFS3,BPAC11,CRFB3,CCRO3,CMIG4,HGTX3,CIEL3,COGN3,CSAN3,CPFE3,CVCB3,CYRE3,ECOR3,ELET3,ELET6,EMBR3,ENBR3,EGIE3,EQTL3,YDUQ3,FLRY3,GOAU4,GGBR4,GOLL4,HAPV3,HYPE3,IGTA3,GNDI3,IRBR3,ITUB4,ITSA4,JBSS3,KLBN11,RENT3,LAME4,LREN3,MGLU3,MRFG3,BEEF3,MRVE3,MULT3,NTCO3,BRDT3,PETR3,PETR4,QUAL3,RADL3,RAIL3,SBSP3,SANB11,CSNA3,SULA11,SUZB3,TAEE11,TIMP3,TOTS3,USIM5,VALE3,WEGE3
200701,44641.60,0.00,2.48,0.00,54.44,0.00,10.57,0.00,0.00,6.18,6.23,15.19,10.20,11.80,0.00,0.00,4.03,3.98,1.02,0.00,0.00,26.80,7.71,0.00,11.49,0.00,11.98,10.82,17.43,4.70,7.34,0.00,0.00,0.00,17.52,14.33,59.67,0.00,0.00,0.00,0.00,0.00,7.43,2.43,0.00,0.00,4.92,5.82,3.63,0.00,0.00,0.00,0.00,0.00,9.24,0.00,20.40,16.45,0.00,1.72,77.03,7.53,0.00,6.66,0.00,0.00,1.97,8.42,2.51,14.59,22.30,4.18
200702,43892.31,0.00,2.49,0.00,59.00,0.00,10.44,0.00,0.00,5.65,5.64,16.07,9.05,11.19,0.00,0.00,3.94,3.95,1.44,0.00,0.00,25.83,7.78,0.00,11.52,0.00,10.78,10.05,19.53,4.97,6.94,0.00,0.00,0.00,18.48,14.49,56.96,0.00,0.00,12.03,0.00,0.00,6.89,2.36,0.00,0.00,4.29,5.61,3.65,0.00,0.00,0.00,0.00,0.00,8.67,0.00,18.77,15.05,0.00,2.84,81.55,7.90,0.00,7.17,0.00,0.00,2.00,7.60,2.62,16.08,22.74,3.92
200703,45804.66,0.00,2.73,0.00,58.58,0.00,10.15,0.00,0.00,6.06,6.07,16.42,9.99,12.07,0.00,0.00,3.97,3.95,1.95,0.00,0.00,24.56,8.00,0.00,11.18,0.00,11.00,10.10,19.21,4.49,7.24,0.00,0.00,0.00,19.21,15.11,58.93,0.00,0.00,11.46,0.00,0.00,6.81,2.38,6.64,0.00,4.83,6.16,3.26,0.00,0.00,0.00,0.00,0.00,7.47,0.00,20.30,16.20,0.00,2.81,83.66,7.71,0.00,8.59,0.00,0.00,2.00,7.90,2.83,18.15,23.93,3.85
200704,48956.39,0.00,2.99,0.00,61.21,0.00,10.59,0.00,4.16,6.34,6.28,18.25,11.40,13.36,0.00,0.00,4.59,4.21,1.99,0.00,0.00,25.75,8.67,0.00,12.45,0.00,10.93,10.77,19.63,4.83,7.18,0.00,0.00,0.00,21.72,16.60,54.24,0.00,0.00,12.05,0.00,0.00,7.41,2.54,6.82,0.00,4.79,6.11,3.51,0.00,0.00,0.00,0.00,0.00,7.70,0.00,20.09,15.87,0.00,2.66,79.44,7.67,0.00,8.61,0.00,0.00,2.23,7.82,3.04,17.56,26.34,3.81
200705,52268.46,0.00,3.31,0.00,69.22,0.00,12.05,0.00,5.86,7.14,7.07,19.64,10.77,15.21,0.00,0.00,4.66,4.46,2.35,0.00,0.00,27.03,9.91,0.00,14.62,0.00,12.30,11.38,19.02,5.08,8.25,0.00,0.00,0.00,22.59,17.30,59.81,0.00,0.00,13.86,0.00,0.00,7.99,2.75,7.08,0.00,5.06,6.86,4.03,0.00,0.00,0.00,0.00,0.00,8.46,0.00,20.31,16.13,0.00,4.84,82.99,8.62,0.00,9.58,0.00,0.00,2.32,7.97,3.50,19.47,27.29,3.73
200706,54392.06,0.00,3.50,0.00,67.78,0.00,12.73,0.00,7.20,7.13,6.75,19.67,11.34,15.96,0.00,0.00,5.13,4.81,2.34,0.00,0.00,20.76,10.67,0.00,13.97,0.00,13.90,12.84,19.16,5.89,8.64,0.00,0.00,0.00,26.48,19.81,59.88,0.00,0.00,13.26,0.00,0.00,8.14,2.77,7.08,0.00,5.00,7.29,4.43,0.00,17.47,0.00,0.00,0.00,9.02,0.00,23.06,18.13,0.00,4.77,88.41,9.37,0.00,9.65,0.00,0.00,2.36,7.97,3.26,20.01,27.02,3.97
200707,54182.50,0.00,3.36,0.00,66.68,0.00,13.51,0.00,6.42,7.35,7.08,21.31,11.35,15.52,0.00,0.00,4.92,4.46,2.13,0.00,4.50,20.88,9.84,0.00,12.89,0.00,11.92,11.02,16.61,5.18,9.01,0.00,0.00,0.00,25.01,19.01,43.64,0.00,0.00,12.03,0.00,0.00,8.19,2.73,7.21,0.00,4.45,7.91,4.32,0.00,19.47,17.72,6.03,6.64,7.40,0.00,23.94,18.50,0.00,4.87,85.73,10.09,0.00,10.51,0.00,0.00,2.53,7.68,2.97,21.05,29.10,4.58
200708,54637.24,0.00,3.43,0.00,63.73,0.00,12.87,0.00,6.22,7.24,7.07,22.27,11.89,16.70,0.00,0.00,4.91,4.43,1.97,0.00,4.16,14.36,9.67,0.00,12.79,0.00,12.17,10.91,18.00,4.61,9.01,0.00,0.00,0.00,24.41,19.21,40.82,0.00,0.00,10.97,0.00,0.00,8.14,2.70,8.21,0.00,4.48,7.58,4.13,0.00,19.08,17.36,6.25,6.43,6.67,0.00,23.93,18.32,0.00,4.21,76.02,10.66,0.00,10.77,0.00,0.00,2.65,7.71,3.08,21.26,30.41,4.53
200709,60465.06,0.00,3.37,0.00,73.01,0.00,14.17,0.00,6.05,7.70,7.75,28.10,11.35,17.48,0.00,0.00,5.33,4.58,2.14,0.00,4.24,16.46,9.79,0.00,17.38,0.00,12.89,11.58,16.68,4.53,9.07,0.00,0.00,0.00,24.61,19.17,42.03,0.00,0.00,10.32,0.00,0.00,8.73,2.90,7.17,0.00,4.30,8.62,4.48,0.00,18.13,16.20,6.48,6.21,7.09,0.00,27.19,20.78,0.00,4.22,87.41,10.25,0.00,12.46,0.00,0.00,2.57,8.21,3.05,23.29,38.85,4.85
200710,65317.70,0.00,3.66,0.00,79.25,0.00,14.35,0.00,7.11,8.25,8.55,29.25,10.72,20.40,0.00,0.00,4.62,4.35,2.29,0.00,3.95,17.93,10.47,0.00,20.93,0.00,12.87,11.78,17.27,4.16,9.97,0.00,0.00,0.00,27.78,21.61,45.11,0.00,0.00,11.15,0.00,0.00,9.36,3.01,6.98,0.00,4.61,9.61,5.25,0.00,17.08,15.85,7.03,6.97,6.70,0.00,32.71,25.49,0.00,4.56,92.10,10.20,0.00,13.39,4.68,0.00,2.91,8.89,3.28,24.74,41.07,5.73
200711,63006.16,0.00,3.33,0.00,68.37,0.00,14.63,0.00,6.56,8.11,8.23,28.30,10.35,18.85,0.00,0.00,4.52,4.47,2.47,0.00,3.33,13.82,9.69,0.00,19.27,0.00,11.98,11.06,16.19,3.99,8.95,0.00,0.00,0.00,27.70,20.37,43.44,0.00,0.00,10.06,0.00,0.00,9.40,2.99,6.64,0.00,4.12,8.14,5.13,0.00,15.27,11.26,8.53,6.61,6.01,0.00,33.43,25.44,0.00,3.62,78.57,10.02,0.00,13.20,4.18,0.00,2.96,7.08,3.14,24.81,39.62,5.28
200712,63886.10,0.00,3.24,0.00,59.93,0.00,14.05,0.00,6.70,7.54,8.24,25.66,9.46,19.35,0.00,0.00,3.97,3.81,2.16,0.00,2.95,13.72,9.27,0.00,16.83,0.00,11.47,10.34,16.64,4.30,8.62,0.00,0.00,0.00,28.19,20.79,41.71,0.00,0.00,11.03,0.00,0.00,8.64,2.70,5.24,0.00,4.37,7.37,4.43,0.00,14.72,9.78,7.43,5.75,5.47,0.00,41.49,31.28,0.00,4.10,77.16,9.40,0.00,15.53,4.52,0.00,2.66,6.23,3.03,22.51,37.47,5.52
200801,59490.40,0.00,2.98,0.00,52.76,0.00,13.51,0.00,5.11,6.43,6.90,20.38,8.54,17.31,0.00,0.00,4.10,3.28,1.99,0.00,2.21,18.13,8.33,0.00,15.92,0.00,10.50,10.04,15.74,3.58,8.09,0.00,0.00,0.00,24.22,18.13,32.36,0.00,0.00,9.99,0.00,0.00,7.51,2.33,4.27,0.00,3.71,6.33,3.40,0.00,13.96,7.07,6.39,5.18,5.47,0.00,38.21,28.56,0.00,3.65,63.63,8.49,0.00,16.26,4.19,0.00,2.45,6.37,2.44,22.79,32.75,4.63
200802,63489.30,0.00,3.32,0.00,59.93,0.00,13.09,0.00,5.47,7.10,7.80,23.72,9.42,18.11,0.00,0.00,4.17,3.78,1.97,0.00,2.68,19.06,10.18,0.00,18.77,0.00,11.92,11.18,15.61,4.00,8.44,0.00,0.00,0.00,29.78,22.24,27.91,0.00,0.00,10.58,0.00,0.00,8.25,2.53,5.74,0.00,4.60,7.30,4.13,0.00,15.93,7.57,7.71,5.53,5.56,0.00,38.72,28.93,0.00,3.62,63.63,9.22,0.00,18.66,4.04,0.00,2.66,6.93,2.76,27.07,37.06,5.01
200803,60968.07,0.00,3.02,0.00,49.90,0.00,10.76,0.00,4.37,6.39,7.22,25.53,10.23,17.71,0.00,0.00,3.81,3.70,1.86,0.00,2.41,17.15,10.11,0.00,15.99,0.00,12.84,11.36,14.64,4.19,9.10,0.00,0.00,0.00,29.22,21.77,24.87,0.00,0.00,9.70,0.00,0.00,7.75,2.43,6.25,0.00,3.87,6.21,4.07,0.00,17.28,6.90,6.09,5.21,5.94,0.00,35.54,26.28,0.00,3.76,59.28,8.86,0.00,18.50,3.80,0.00,2.55,5.38,2.83,27.44,38.23,4.33
200804,67868.45,0.00,2.92,0.00,46.60,0.00,13.46,0.00,5.11,7.39,8.48,26.77,9.83,20.33,0.00,0.00,4.71,4.34,2.12,0.00,3.01,19.72,12.02,0.00,19.31,0.00,11.98,11.63,14.54,4.41,9.73,1.21,0.00,0.00,35.38,26.47,25.11,0.00,6.26,8.36,0.00,0.00,9.19,2.84,7.72,0.00,5.01,5.66,4.93,0.00,18.73,8.77,6.85,5.83,6.44,0.00,40.20,30.05,0.00,3.99,72.99,9.54,0.00,22.05,3.93,0.00,2.57,5.80,2.98,33.95,41.77,4.41
200805,72592.50,0.00,2.76,0.00,59.57,0.00,15.27,0.00,5.41,7.68,8.72,26.61,9.09,23.63,0.00,0.00,4.81,4.78,2.30,0.00,3.47,16.88,10.94,0.00,19.00,0.00,14.36,12.89,12.81,5.07,9.97,1.16,0.00,0.00,45.44,33.11,24.20,0.00,8.89,9.02,0.00,0.00,9.78,3.05,8.84,0.00,5.01,6.21,5.09,0.00,22.78,10.14,7.73,5.29,6.24,0.00,45.60,34.90,0.00,4.36,81.50,10.54,0.00,24.02,5.02,0.00,2.72,5.11,3.07,36.60,41.69,4.70
200806,65017.58,0.00,2.54,0.00,49.64,0.00,12.34,0.00,4.33,6.61,7.36,23.90,8.76,19.20,0.00,0.00,4.66,4.89,2.22,0.00,3.42,18.27,10.40,0.00,15.42,0.00,14.41,12.44,9.01,5.10,9.97,1.10,0.00,0.00,41.82,31.06,17.20,0.00,7.80,8.27,0.00,0.00,7.90,2.64,7.24,0.00,4.13,4.99,4.01,0.00,20.03,7.66,6.95,5.26,5.48,0.00,44.84,32.91,0.00,4.33,69.39,9.40,0.00,21.65,4.47,0.00,2.81,4.54,2.75,33.04,36.53,4.45
200807,59505.17,0.00,2.23,0.00,49.90,0.00,11.84,0.00,4.06,6.61,7.39,19.46,9.48,18.97,0.00,0.00,4.69,4.67,1.95,0.00,3.04,20.31,10.41,0.00,15.88,0.00,14.80,12.52,10.09,5.34,10.02,1.07,5.15,0.00,37.79,27.74,15.32,0.00,7.60,7.77,0.00,0.00,8.12,2.68,7.50,0.00,4.30,5.66,3.95,0.00,18.72,7.89,7.05,4.75,6.26,0.00,34.91,25.57,0.00,3.98,70.23,8.91,0.00,18.57,4.76,0.00,2.68,4.13,2.76,28.86,30.13,4.02
200808,55680.41,0.00,2.36,0.00,49.18,7.94,11.28,0.00,4.05,6.05,6.68,17.77,8.02,18.13,0.00,0.00,4.55,4.42,1.84,0.00,1.88,17.13,10.10,0.00,14.27,0.00,14.36,11.96,11.68,4.55,8.79,1.02,4.62,0.00,33.92,25.16,14.07,0.00,6.40,7.38,0.00,0.00,7.49,2.49,5.92,0.00,3.83,4.91,3.71,0.00,15.82,6.40,6.30,4.58,6.46,0.00,33.89,24.86,0.00,3.77,63.41,8.67,0.00,17.11,3.96,0.00,2.45,4.59,2.99,24.41,27.66,3.99
200809,49541.27,0.00,2.50,0.00,38.86,5.42,10.87,0.00,3.21,6.08,6.91,14.56,6.98,16.17,0.00,0.00,3.81,4.73,1.61,0.00,1.47,8.38,10.55,0.00,13.58,0.00,13.78,11.48,11.17,3.81,9.03,0.80,3.39,0.00,24.27,17.38,11.47,0.00,5.24,5.48,0.00,0.00,7.77,2.49,4.23,0.00,2.32,3.97,2.96,0.00,16.98,3.20,3.90,4.50,6.30,0.00,33.54,25.00,0.00,2.97,43.73,6.20,0.00,12.34,2.92,0.00,2.22,5.31,2.36,17.29,23.26,3.18
200810,37256.84,0.00,2.18,0.00,23.51,3.69,7.06,0.00,2.23,4.97,5.60,10.69,6.46,14.00,0.00,0.00,3.26,4.15,1.25,0.00,0.84,6.96,9.48,0.00,7.38,0.00,12.78,11.17,9.59,3.74,7.46,0.84,3.28,0.00,16.02,11.47,9.00,0.00,4.73,3.96,0.00,0.00,5.68,1.88,3.53,0.00,2.03,2.83,1.97,0.00,10.14,1.78,2.25,2.90,6.37,0.00,22.73,16.60,0.00,2.89,33.97,5.88,0.00,8.70,2.46,0.00,1.52,4.17,1.95,11.95,18.56,2.75
200811,36595.87,0.00,2.20,0.00,20.31,3.29,6.90,0.00,2.64,4.79,5.50,10.79,4.30,15.81,0.00,0.00,3.45,4.59,1.40,0.00,1.24,7.39,9.48,0.00,5.46,0.00,13.14,11.65,7.30,4.04,8.55,0.76,3.26,0.00,16.89,12.07,8.37,0.00,5.11,3.63,0.00,0.00,6.62,2.16,4.51,0.00,1.57,3.04,1.67,0.00,8.30,1.82,1.76,3.66,7.01,0.00,18.87,14.29,0.00,3.07,38.68,5.51,0.00,7.84,2.84,0.00,1.86,5.23,2.05,9.97,18.00,2.57
200812,37550.31,37.64,2.31,0.00,20.13,3.84,7.16,0.00,2.54,4.66,5.19,10.78,3.81,13.21,0.00,0.00,3.60,3.99,1.66,0.00,1.31,7.41,8.96,0.00,6.41,0.00,12.60,11.55,7.51,3.61,8.21,0.70,2.96,0.00,16.68,12.50,9.51,0.00,5.38,5.23,0.00,0.00,6.49,2.10,4.40,0.00,1.68,2.98,2.01,0.00,7.24,1.67,1.92,3.34,6.47,0.00,22.52,16.87,0.00,2.95,33.64,6.53,0.00,8.78,2.46,0.00,2.00,3.72,1.98,11.66,18.10,2.81
200901,39300.79,39.60,2.20,0.00,21.02,4.32,6.92,0.00,3.01,4.24,4.78,13.16,3.92,14.22,0.00,0.00,3.48,3.95,1.47,0.00,1.05,6.92,8.93,0.00,6.48,0.00,12.73,11.65,7.41,3.67,7.94,0.72,3.31,0.00,16.52,12.47,9.84,0.00,4.52,4.82,0.00,0.00,5.83,1.93,4.29,0.00,1.94,3.04,1.81,0.00,6.56,1.64,2.11,3.80,6.78,0.00,24.88,18.49,0.00,2.36,29.60,6.00,0.00,10.66,2.93,0.00,1.72,5.12,2.12,12.69,21.25,2.62
200902,38183.31,38.75,2.30,0.00,18.07,3.84,6.91,0.00,3.35,4.22,4.76,12.59,3.69,13.16,0.00,0.00,3.54,4.18,1.36,0.00,0.89,6.79,9.34,0.00,4.90,0.00,12.75,11.58,5.62,3.86,7.87,0.92,2.49,0.00,13.82,10.51,9.05,0.00,5.68,5.27,0.00,0.00,5.54,1.86,4.12,0.00,1.89,2.69,1.81,0.00,6.76,1.62,2.04,4.17,7.39,0.00,26.79,19.50,0.00,2.70,27.48,5.75,0.00,9.50,3.05,0.00,1.82,4.96,2.29,11.40,20.18,2.67
200903,40925.87,40.57,2.54,0.00,18.37,4.54,8.50,0.00,4.02,4.52,5.32,12.73,3.30,12.77,0.00,0.00,3.18,4.34,1.38,0.00,0.98,6.36,9.76,0.00,6.39,0.00,12.62,11.98,6.62,4.00,7.61,0.92,2.73,0.00,14.09,10.74,6.38,0.00,6.85,5.77,0.00,0.00,6.47,2.19,4.69,0.00,1.92,3.10,1.83,0.00,7.40,1.55,2.69,3.94,7.98,0.00,28.99,21.09,0.00,3.12,33.23,6.17,0.00,11.03,3.07,0.00,2.04,4.48,2.21,13.24,20.27,2.67
200904,47289.53,48.10,2.72,0.00,29.26,5.72,9.31,0.00,4.57,5.30,6.23,15.13,4.24,14.33,0.00,0.00,4.07,4.42,1.90,0.00,1.40,8.88,10.31,0.00,9.48,0.00,14.02,13.55,7.54,4.51,8.00,1.09,3.56,0.00,17.10,13.07,7.23,0.00,7.54,6.79,0.00,0.00,7.67,2.58,5.51,0.00,2.68,4.31,2.57,0.00,10.71,2.46,4.16,4.62,9.16,0.00,30.45,22.07,0.00,4.00,38.35,7.44,0.00,12.91,3.58,0.00,3.35,5.08,3.17,14.45,23.94,3.20
200905,53197.73,53.10,2.97,0.00,35.16,7.41,10.71,0.00,4.73,5.73,6.98,16.64,4.92,17.42,0.00,0.00,4.78,4.40,2.40,0.00,1.65,10.45,9.91,0.00,10.66,0.00,13.76,12.82,8.27,4.71,8.12,1.21,4.82,0.00,21.76,17.16,8.21,0.00,9.00,7.99,0.00,0.00,8.06,2.73,6.02,0.00,2.93,4.51,2.79,0.00,14.05,3.32,5.39,5.37,9.12,0.00,35.68,25.74,0.00,4.67,39.00,7.51,0.00,15.68,4.63,0.00,3.40,5.94,3.75,17.72,25.23,3.65
200906,51465.46,51.40,2.91,0.00,31.61,7.67,10.82,0.00,4.16,5.61,6.68,14.75,4.93,16.66,0.00,0.00,4.86,4.37,2.61,5.12,1.39,9.50,9.86,0.00,10.49,0.00,14.69,12.91,6.95,4.64,8.38,1.32,4.36,0.00,21.51,17.07,10.45,0.00,9.82,7.78,0.00,0.00,7.86,2.66,6.29,0.00,2.88,4.39,2.78,0.00,14.00,2.92,5.40,5.41,9.11,0.00,33.14,24.24,0.00,5.60,40.86,7.08,0.00,14.11,5.04,0.00,3.46,5.19,3.62,18.67,22.89,3.16
200907,54765.72,54.50,2.99,0.00,37.30,7.85,12.07,0.00,5.41,5.81,6.85,16.22,5.71,18.39,0.00,0.00,4.72,4.49,3.35,5.44,1.79,11.22,10.22,0.00,13.59,0.00,14.71,13.06,7.78,4.70,8.52,1.43,5.30,0.00,22.67,18.26,13.18,0.00,10.98,9.27,0.00,0.00,8.50,2.92,6.63,0.00,3.63,5.02,3.52,0.00,15.26,4.19,6.32,6.54,9.58,0.00,32.12,23.74,0.00,5.98,39.88,7.66,0.00,15.54,5.29,0.00,3.52,4.29,4.06,19.87,24.58,3.49
200908,56488.98,56.25,3.36,0.00,41.41,7.62,13.46,0.00,5.36,5.92,7.13,16.86,7.18,18.66,0.00,0.00,4.99,4.61,4.00,5.06,1.89,13.92,10.66,0.00,16.73,0.00,14.12,12.53,8.63,4.85,9.07,1.36,5.76,0.00,23.02,18.37,16.65,0.00,12.11,9.60,0.00,0.00,8.95,2.97,7.00,0.00,4.02,5.38,3.85,0.00,15.25,5.14,6.80,6.97,10.96,0.00,31.27,23.67,0.00,6.28,46.11,8.46,0.00,15.85,6.06,0.00,3.51,4.22,4.43,19.96,24.34,3.60
200909,61517.89,61.51,3.53,0.00,42.41,8.56,16.17,0.00,5.83,6.88,8.18,18.79,7.73,20.97,0.00,0.00,4.87,4.48,4.46,5.41,1.66,12.90,10.24,0.00,16.28,0.00,14.15,12.60,8.74,5.00,9.49,1.47,4.97,0.00,24.71,19.78,17.62,0.00,14.02,11.51,0.00,0.00,10.00,3.29,8.25,0.00,4.23,5.72,3.99,0.00,16.27,5.43,6.77,7.59,11.49,0.00,34.04,26.40,0.00,6.75,46.24,8.32,0.00,17.59,6.18,0.00,3.62,4.55,4.71,21.05,27.33,3.91
200910,61545.50,61.50,3.74,0.00,43.43,7.47,14.61,0.00,5.44,6.60,8.02,21.01,8.03,18.97,0.00,0.00,5.59,4.57,4.64,4.97,1.98,12.23,9.75,0.00,15.89,0.00,12.77,11.39,7.62,4.88,9.50,1.42,5.55,0.00,26.67,21.90,17.52,0.00,14.57,11.05,0.00,0.00,9.38,3.07,8.74,0.00,4.43,5.55,3.99,0.00,19.53,5.84,6.53,7.38,11.34,0.00,33.91,26.58,0.00,7.73,43.97,8.17,10.22,18.85,6.73,0.00,3.66,4.26,5.19,20.73,30.05,4.03
200911,67044.44,66.90,3.99,0.00,43.01,7.79,16.06,0.00,6.70,6.87,8.48,22.62,7.91,18.22,0.00,0.00,6.08,5.00,5.74,5.06,1.88,13.59,10.30,0.00,17.44,0.00,14.87,12.79,7.45,5.31,9.68,1.42,5.71,0.00,27.68,22.62,24.00,0.00,15.07,11.96,0.00,0.00,10.63,3.44,8.59,0.00,4.70,6.94,4.92,0.00,19.79,5.40,7.57,9.29,12.06,0.00,36.93,29.44,0.00,7.34,52.44,7.94,11.36,18.92,7.80,0.00,3.70,4.93,5.64,23.07,32.88,4.12
200912,68588.41,68.50,4.18,0.00,40.71,8.09,15.54,0.00,6.00,7.20,8.58,22.52,9.67,20.26,0.00,0.00,6.41,5.24,6.44,4.72,1.89,16.88,11.33,0.00,17.30,0.00,18.63,16.06,8.32,5.75,9.92,1.52,5.98,6.52,29.47,24.51,25.03,0.00,16.16,14.26,0.00,0.00,10.84,3.64,8.34,0.00,4.63,7.43,5.11,0.00,18.93,5.36,8.42,8.87,13.05,0.00,35.04,27.99,0.00,8.44,55.18,8.64,11.76,18.25,8.45,0.00,3.73,5.54,6.42,22.55,33.20,4.27
201001,65401.77,64.90,4.25,0.00,32.36,8.41,14.70,0.00,5.72,6.79,8.13,22.69,9.10,20.16,0.00,0.00,6.46,5.20,6.75,4.62,2.01,14.05,11.64,0.00,15.28,0.00,20.52,17.56,8.74,6.06,9.32,1.43,5.43,6.91,26.45,21.31,22.17,0.00,17.54,11.95,0.00,0.00,10.18,3.46,8.36,0.00,4.73,6.33,4.67,0.00,22.28,6.34,7.26,8.20,12.20,0.00,32.16,26.07,0.00,8.14,51.12,7.88,11.08,17.92,7.97,0.00,3.75,5.43,6.31,22.64,32.81,4.19
201002,66503.27,66.50,4.22,0.00,31.94,7.82,15.81,0.00,6.56,6.76,8.10,23.05,8.78,19.69,0.00,0.00,6.13,4.93,7.13,4.36,1.96,15.52,11.91,0.00,15.92,0.00,16.75,14.60,8.58,6.04,9.54,1.48,5.42,7.09,27.72,22.25,23.56,0.00,17.43,11.99,0.00,0.00,10.39,3.56,8.12,0.00,4.72,6.22,5.07,0.00,20.85,6.07,7.82,8.54,11.97,0.00,32.56,26.40,0.00,8.38,54.57,7.63,10.52,19.27,7.72,0.00,3.77,5.70,5.96,23.43,33.84,4.14
201003,70371.54,70.00,3.95,0.00,32.79,7.98,15.97,0.00,5.86,6.93,8.53,25.69,8.99,21.39,0.00,0.00,6.35,4.90,7.67,5.34,1.75,14.30,11.76,0.00,14.87,0.00,18.75,16.21,9.20,5.86,9.21,1.32,5.21,6.74,30.78,24.31,22.10,0.00,17.58,12.56,0.00,0.00,11.11,3.82,7.11,0.00,4.51,6.36,5.30,0.00,20.14,6.99,7.41,8.05,13.31,0.00,33.40,27.00,0.00,8.64,55.18,8.06,10.86,23.24,7.85,0.00,3.83,5.43,6.19,27.89,38.33,4.47
201004,67529.73,66.92,4.21,0.00,32.77,7.62,16.04,0.00,6.18,6.85,8.27,23.42,8.63,20.27,0.00,0.00,6.50,5.31,8.61,5.39,1.72,14.58,11.84,0.00,14.83,6.21,17.68,15.37,8.99,6.05,10.21,1.34,4.91,6.29,28.72,23.93,22.90,0.00,19.39,12.22,0.00,0.00,10.74,3.76,7.31,0.00,4.69,6.21,5.70,0.00,18.06,6.86,7.35,8.17,13.61,0.00,31.30,25.20,0.00,9.05,53.55,8.43,9.93,21.03,8.05,0.00,3.85,4.85,6.60,25.69,35.87,4.18
201005,63046.51,62.42,4.21,0.00,26.13,8.18,14.10,0.00,6.55,6.52,7.91,21.91,7.41,20.81,0.00,0.00,6.00,5.01,9.12,4.91,1.57,13.68,12.23,0.00,14.27,6.14,16.49,14.10,8.59,6.05,9.57,1.32,4.76,6.31,26.91,21.13,20.12,0.00,19.88,12.68,0.00,0.00,9.89,3.50,6.51,0.00,4.60,5.96,5.76,0.00,16.95,6.03,7.18,9.33,13.97,0.00,29.05,22.91,0.00,8.93,49.08,8.84,9.53,18.78,7.91,0.00,2.83,5.57,7.17,21.01,33.78,4.00
201006,60935.90,60.37,4.46,0.00,25.69,7.82,13.38,0.00,6.63,6.21,7.36,19.41,8.60,21.22,0.00,0.00,6.04,5.04,10.41,4.85,1.41,14.89,13.11,0.00,14.09,6.45,17.37,15.17,8.22,6.49,9.82,1.40,4.94,7.09,24.78,19.94,21.19,0.00,18.73,13.41,0.00,0.00,9.26,3.37,6.86,0.00,5.04,6.28,6.49,0.00,16.76,6.31,7.72,9.13,14.75,0.00,26.42,20.79,0.00,10.46,48.10,9.47,9.16,17.70,7.49,0.00,2.67,5.80,7.40,22.03,29.49,3.94
201007,67515.40,66.87,4.67,0.00,28.86,8.73,16.57,0.00,7.39,7.58,9.29,21.86,9.07,22.12,0.00,0.00,6.47,5.07,13.18,5.04,1.49,16.49,13.51,0.00,17.91,6.94,16.60,14.66,10.17,6.51,10.59,1.43,5.15,7.23,26.29,21.47,24.28,0.00,18.51,14.79,0.00,0.00,11.29,4.11,7.72,0.00,5.87,7.20,7.81,0.00,17.57,6.31,9.58,9.09,17.12,0.00,27.31,21.56,0.00,11.10,56.23,8.88,11.63,19.68,7.86,0.00,2.88,5.53,7.12,22.65,32.80,4.33
201008,65145.45,64.50,4.78,0.00,23.91,8.71,15.56,0.00,7.76,7.25,8.78,21.67,10.63,21.08,0.00,0.00,6.51,5.39,15.06,4.79,1.49,15.40,14.03,0.00,15.77,7.11,15.56,13.64,9.56,6.80,10.77,1.64,4.61,7.70,24.07,19.85,22.50,0.00,18.69,14.30,0.00,0.00,10.86,3.89,6.69,0.00,5.91,7.10,7.51,0.00,16.87,6.30,8.90,9.21,15.85,0.00,25.38,20.32,0.00,11.21,54.84,8.44,11.16,18.11,8.75,0.00,3.21,5.56,7.18,20.16,31.67,4.04
201009,69429.78,68.70,5.03,0.00,26.73,9.63,17.69,0.00,7.98,7.92,9.78,23.98,11.80,23.05,0.00,0.00,7.35,5.29,16.27,4.88,1.58,16.91,13.39,0.00,17.30,7.24,15.70,13.66,10.48,6.63,11.73,1.51,4.77,7.49,23.34,19.29,25.72,0.00,21.25,16.07,0.00,0.00,11.62,4.09,6.56,0.00,6.86,7.44,7.68,0.00,17.11,6.28,9.75,9.93,17.04,0.00,26.08,21.28,0.00,13.13,57.96,9.57,11.49,19.74,9.70,0.00,3.32,5.77,7.18,20.78,35.33,4.41
201010,70673.30,70.20,5.62,0.00,26.56,9.70,18.22,0.00,9.17,8.06,10.11,25.80,11.98,22.10,0.00,0.00,7.74,5.77,18.72,4.85,1.85,18.06,13.80,0.00,16.97,8.34,17.04,14.79,10.75,6.76,12.21,1.73,6.24,7.85,22.38,18.70,29.09,0.00,22.63,16.79,0.00,0.00,11.92,4.27,5.87,0.00,6.80,8.80,8.90,0.00,15.27,5.57,10.08,10.78,18.24,0.00,24.49,20.15,0.00,13.08,54.81,9.64,12.15,19.01,10.26,0.00,3.39,5.57,8.67,19.66,36.59,5.23
201011,67705.40,67.00,5.79,0.00,26.05,8.96,18.18,0.00,9.54,7.79,9.69,25.40,12.49,22.83,0.00,0.00,7.87,5.49,20.24,4.94,1.99,17.66,13.74,0.00,15.67,8.99,16.38,14.15,11.00,6.63,12.94,1.78,6.67,8.13,20.01,16.67,27.21,0.00,21.92,18.15,0.00,0.00,11.28,4.10,5.88,0.00,6.81,7.82,7.95,0.00,12.95,6.02,10.30,10.51,17.26,0.00,23.59,19.27,0.00,12.76,54.03,9.60,11.16,17.57,10.36,0.00,3.26,5.49,9.41,17.32,36.56,5.38
201012,69304.81,68.53,6.41,0.00,26.90,9.03,17.50,0.00,9.65,7.72,9.62,25.95,13.99,24.69,0.00,0.00,7.89,5.39,18.22,4.46,2.30,18.57,14.25,0.00,15.78,8.41,16.19,14.39,10.65,7.14,13.11,1.68,6.63,9.58,23.06,19.38,24.88,0.00,18.21,17.73,0.00,0.00,11.44,4.18,6.44,0.00,6.50,7.36,7.55,0.00,15.39,6.42,9.57,10.20,17.86,0.00,26.52,21.56,0.00,12.34,50.81,11.27,11.59,17.95,10.62,0.00,3.16,5.41,9.38,17.92,37.77,5.21
201101,66574.88,65.78,5.61,0.00,24.12,8.01,16.58,0.00,8.58,7.33,9.08,27.39,14.40,24.70,0.00,0.00,7.75,5.53,17.28,4.10,2.44,17.51,14.20,0.00,13.30,8.55,16.32,14.52,12.20,6.91,12.33,1.70,5.89,8.98,21.93,18.25,23.60,0.00,16.03,15.38,0.00,0.00,10.29,3.76,5.65,0.00,6.08,6.44,6.48,0.00,13.47,6.03,8.65,8.85,15.99,0.00,26.08,21.40,0.00,10.97,47.70,10.79,9.94,18.64,9.40,0.00,3.21,5.96,8.99,18.18,39.17,4.74
201102,67383.22,66.75,5.53,0.00,21.85,7.79,16.75,0.00,8.94,7.66,9.47,25.87,13.93,26.10,0.00,0.00,7.81,5.58,16.76,4.35,2.11,17.48,14.97,0.00,11.95,8.42,17.12,16.30,12.64,6.87,12.42,1.74,5.97,7.92,22.24,18.80,21.83,0.00,15.35,15.39,0.00,0.00,10.70,3.87,5.60,0.00,5.70,6.45,6.82,0.00,14.50,5.92,8.10,8.98,15.81,0.00,28.30,22.58,0.00,11.61,46.71,10.78,10.33,17.94,9.72,0.00,3.26,6.08,8.71,17.78,38.64,4.83
201103,68586.70,67.55,5.82,0.00,19.33,8.16,16.78,0.00,9.59,8.41,9.87,25.64,14.86,27.84,0.00,0.00,7.98,6.29,20.25,4.79,2.21,17.09,16.05,0.00,11.18,8.72,17.97,16.49,12.24,7.33,13.19,1.87,6.51,8.71,21.04,17.31,21.65,0.00,17.46,17.04,0.00,0.00,11.37,4.14,5.26,0.00,6.36,6.58,7.10,0.00,14.58,5.99,8.01,9.33,17.65,0.00,28.46,22.66,0.00,11.68,45.39,12.43,10.26,17.96,10.41,0.00,3.63,6.66,8.80,18.61,36.61,5.19
201104,66132.86,65.20,6.32,0.00,18.68,8.14,16.46,0.00,9.34,8.00,9.30,24.96,15.72,28.48,0.00,0.00,8.29,6.50,23.09,5.04,2.18,16.28,16.09,0.00,11.93,9.29,16.68,15.41,11.21,7.49,13.17,1.97,5.76,8.43,19.80,16.20,21.61,0.00,17.05,17.43,0.00,0.00,10.85,3.93,4.82,0.00,6.56,6.77,7.98,0.00,16.18,6.22,8.34,9.06,17.00,0.00,25.32,20.44,0.00,10.36,44.04,12.05,9.38,16.46,10.87,0.00,4.53,7.00,8.42,15.22,35.97,4.76
201105,64620.08,63.81,6.17,0.00,19.07,7.94,16.02,0.00,10.41,7.93,9.19,24.83,17.60,26.44,0.00,0.00,8.35,6.32,24.45,5.45,2.19,16.25,16.02,0.00,12.46,9.35,16.32,15.24,11.34,7.30,12.89,1.99,5.81,9.34,18.88,14.89,19.94,0.00,12.07,17.43,0.00,0.00,10.48,3.83,5.08,0.00,6.42,7.71,8.23,1.85,14.30,5.02,9.03,10.14,16.23,0.00,23.69,19.40,0.00,10.27,44.85,12.77,9.25,15.65,10.78,0.00,4.53,7.17,8.85,14.28,34.90,4.35
201106,62403.64,61.49,6.45,0.00,16.47,7.30,16.15,0.00,10.17,8.14,9.45,24.28,15.88,24.24,0.00,0.00,7.86,6.76,24.41,5.40,2.13,16.55,15.77,0.00,10.96,9.08,15.83,15.08,10.88,7.22,13.25,2.02,5.01,8.17,17.36,14.02,18.63,0.00,11.95,16.51,0.00,0.00,10.66,3.89,4.83,0.00,6.81,7.47,8.20,1.87,15.40,4.54,8.05,9.60,14.96,0.00,23.18,19.10,9.27,9.81,44.78,12.29,9.69,13.63,10.57,0.00,4.66,7.25,8.09,12.91,34.37,4.32
201107,58823.45,58.18,5.81,0.00,12.51,6.41,15.16,0.00,10.29,7.60,8.80,24.48,13.10,26.98,0.00,0.00,7.90,6.33,22.60,5.97,2.03,16.01,15.59,0.00,11.21,8.75,14.20,13.46,10.25,7.45,12.59,1.95,4.81,7.65,15.39,12.06,12.00,0.00,9.69,14.59,0.00,0.00,9.20,3.38,4.16,0.00,6.15,6.97,7.68,1.59,15.20,5.11,7.14,9.43,13.83,0.00,23.00,18.93,9.02,11.51,38.20,12.25,7.71,11.49,9.76,0.00,4.36,7.41,7.80,10.51,34.85,4.10
201108,56495.12,55.75,6.88,0.00,13.88,6.69,15.54,0.00,10.12,7.20,8.40,21.68,13.47,28.48,0.00,0.00,8.40,6.29,23.93,5.67,1.86,16.42,15.23,0.00,11.13,9.25,12.35,12.08,9.23,7.34,12.69,2.01,4.56,8.32,15.03,11.78,12.04,0.00,10.84,14.53,0.00,0.00,8.53,3.14,3.83,0.00,6.77,7.70,8.25,1.48,7.69,4.93,8.32,9.42,14.96,0.00,20.42,16.90,8.96,11.51,31.48,12.17,8.10,11.22,9.71,0.00,4.53,7.92,8.03,11.31,31.79,4.20
201109,52324.42,51.60,6.96,0.00,12.71,6.30,14.61,0.00,10.95,6.98,8.27,20.29,10.39,29.44,0.00,0.00,8.57,5.92,21.51,5.94,1.89,16.47,15.14,0.00,8.63,9.25,12.28,12.28,10.82,7.30,13.09,1.97,4.13,8.12,14.67,11.56,10.24,0.00,7.18,13.56,0.00,0.00,8.59,3.12,3.26,0.00,6.09,7.00,7.00,1.35,6.13,4.58,5.98,9.81,12.55,0.00,18.60,15.52,8.71,10.36,29.09,11.56,7.31,10.48,8.65,0.00,4.52,7.09,8.99,9.91,30.27,4.58
201110,58338.39,57.57,7.13,0.00,12.06,7.35,15.23,0.00,10.57,7.62,9.27,21.46,10.90,32.70,0.00,0.00,8.27,6.12,26.26,6.46,2.02,18.41,16.12,0.00,11.07,8.72,13.03,13.53,10.92,7.10,13.80,1.89,5.02,7.83,17.04,13.38,13.51,0.00,7.51,14.32,0.00,0.00,9.69,3.52,4.63,0.00,6.37,7.46,7.20,1.52,7.45,4.62,7.51,9.77,13.10,0.00,20.54,17.32,9.76,9.94,29.16,12.46,8.24,11.30,7.45,0.00,4.53,7.23,8.00,11.12,31.74,4.67
201111,56874.98,56.18,7.63,0.00,8.78,7.16,14.30,0.00,10.44,7.57,8.85,20.77,9.97,32.29,0.00,0.00,8.09,6.62,26.22,6.83,1.98,18.48,16.81,0.00,11.08,9.09,12.56,13.46,10.42,7.41,14.36,1.95,4.56,7.45,15.15,11.79,13.50,0.00,6.62,14.23,0.00,0.00,9.44,3.46,5.34,0.00,6.72,7.46,7.50,1.26,8.22,4.46,7.23,10.36,14.24,0.00,21.64,18.08,9.48,11.60,29.29,13.22,7.42,10.47,7.15,0.00,4.75,6.88,9.15,9.76,30.25,4.38
201112,56754.08,55.98,8.39,0.00,7.78,7.11,14.18,0.00,10.33,7.89,9.38,19.86,9.12,33.68,0.00,0.00,8.56,7.40,22.29,6.84,1.94,18.55,19.10,0.00,10.94,9.53,13.52,15.35,10.83,8.14,15.24,2.15,4.51,7.77,15.85,12.67,12.44,0.00,6.91,15.09,0.00,0.00,10.15,3.75,5.46,0.00,6.28,7.06,6.72,1.10,8.54,4.92,6.64,10.95,14.23,0.00,20.64,17.62,10.42,11.99,31.72,13.76,8.09,10.64,8.33,0.00,4.95,7.53,9.40,9.57,28.65,4.62
201201,63072.31,62.17,7.99,0.00,9.01,7.97,16.27,0.00,10.87,8.10,9.59,22.04,11.14,32.00,0.00,0.00,8.51,7.86,28.84,7.38,2.17,19.42,18.94,0.00,11.93,8.40,13.60,14.63,11.11,7.98,15.43,2.09,4.98,8.29,18.58,14.55,12.02,0.00,8.63,16.20,0.00,0.00,10.49,3.80,5.74,0.00,7.06,8.35,8.19,1.16,8.02,4.90,8.35,11.44,14.68,0.00,24.36,20.33,10.75,13.40,34.27,15.43,8.76,12.96,9.71,0.00,5.58,7.90,8.49,11.05,32.46,4.79
201202,65811.73,64.74,8.93,0.00,9.51,8.33,16.63,0.00,12.55,8.34,9.55,22.69,11.10,33.20,0.00,0.00,9.61,8.75,31.71,8.71,2.48,21.12,20.31,0.00,12.77,9.46,14.16,14.93,11.79,8.24,15.45,2.11,5.22,8.89,20.32,15.75,14.99,0.00,9.09,18.02,0.00,0.00,11.00,3.99,6.55,0.00,7.80,9.04,9.07,1.37,10.55,5.95,8.60,11.16,16.34,0.00,23.26,20.11,9.33,15.45,33.93,17.85,9.97,12.43,10.43,0.00,6.39,8.46,9.01,10.98,31.63,4.73
201203,64510.97,63.54,9.81,0.00,7.18,8.24,15.77,0.00,13.56,8.56,9.76,21.85,10.30,33.29,0.00,0.00,10.35,9.69,32.37,8.96,2.80,23.33,20.15,0.00,11.91,10.96,12.99,13.55,13.49,8.21,16.64,2.41,4.94,8.74,20.00,15.32,12.19,0.00,10.44,18.29,0.00,0.00,10.56,3.79,6.73,0.00,8.28,8.53,8.72,1.38,11.50,6.88,8.04,12.20,16.02,0.00,22.10,19.42,9.73,16.42,30.86,19.18,9.14,12.23,9.44,0.00,7.95,9.49,9.65,11.39,31.15,4.93
201204,61820.26,60.90,10.51,0.00,7.03,7.85,14.33,0.00,13.59,8.12,9.38,22.64,9.55,32.23,0.00,0.00,10.40,11.04,32.48,9.94,2.93,22.74,20.15,0.00,11.57,10.93,12.35,13.09,15.14,8.79,17.12,2.47,6.02,8.91,20.68,15.73,10.15,0.00,9.94,18.41,0.00,0.00,9.08,3.36,6.73,0.00,8.03,8.89,8.73,1.31,10.49,8.41,6.89,12.87,17.65,0.00,20.36,17.70,10.32,19.01,29.90,20.61,8.45,12.20,9.00,0.00,9.41,9.42,10.63,10.36,31.71,5.01
201205,54490.41,53.60,9.76,0.00,5.24,7.08,12.19,0.00,12.74,7.82,9.07,20.48,8.40,29.03,0.00,0.00,11.04,10.28,29.16,9.47,3.15,20.58,18.66,0.00,11.36,11.09,10.92,11.60,13.22,8.50,17.43,2.59,6.40,8.76,17.81,13.97,8.04,0.00,8.96,17.02,0.00,0.00,8.87,3.26,4.89,0.00,7.92,7.71,8.28,1.08,9.10,7.53,5.59,13.79,17.47,0.00,18.19,16.07,10.70,17.26,28.86,19.55,8.87,9.69,8.11,0.00,7.91,8.10,10.45,8.06,27.98,5.18
201206,54354.63,53.42,9.91,0.00,5.06,7.60,12.08,0.00,13.20,7.90,9.24,21.37,9.99,28.21,0.00,0.00,11.48,10.97,26.60,10.26,3.06,21.29,19.21,0.00,11.12,11.12,11.72,12.11,12.39,8.50,19.36,2.64,6.15,9.25,19.76,15.59,8.92,0.00,9.65,18.24,0.00,0.00,8.57,3.16,5.41,0.00,7.51,8.40,8.05,1.09,9.34,8.25,6.01,14.15,18.96,0.00,17.36,15.33,10.92,18.79,29.21,21.20,8.53,8.49,9.02,0.00,9.56,9.27,11.08,5.99,29.88,4.87
201207,56097.05,55.10,10.09,0.00,5.78,8.53,13.48,0.00,13.72,8.29,9.76,19.94,9.25,27.23,0.00,0.00,12.02,11.45,28.24,10.38,3.24,21.43,17.87,0.00,11.12,11.40,11.64,12.44,12.19,8.93,19.05,2.67,6.38,7.77,20.82,16.40,9.55,0.00,10.48,19.28,0.00,0.00,9.84,3.57,4.81,0.00,8.25,9.23,8.75,1.18,9.45,8.96,7.20,14.92,21.69,0.00,18.42,16.38,11.35,21.71,32.58,24.09,8.59,7.86,7.25,0.00,10.21,7.09,10.82,7.00,27.66,4.65
201208,57061.45,56.15,10.00,0.00,6.89,8.06,14.41,0.00,14.52,8.58,10.20,17.19,9.55,30.27,0.00,0.00,12.82,10.12,30.96,10.43,3.50,23.69,16.72,0.00,12.40,11.58,10.71,11.51,12.99,8.55,18.12,2.73,7.97,8.05,19.94,15.88,9.70,0.00,10.59,21.45,0.00,0.00,9.69,3.47,5.18,0.00,8.89,9.27,9.56,1.31,11.50,10.33,7.61,14.94,20.87,0.00,19.56,17.43,12.41,19.92,30.76,23.62,8.64,7.46,8.36,0.00,10.57,6.70,11.29,7.73,25.15,5.05
201209,59175.86,58.15,10.09,0.00,9.21,9.18,15.59,0.00,16.15,8.46,10.08,18.26,10.65,32.50,0.00,0.00,12.90,7.18,31.99,8.96,3.65,25.95,17.41,0.00,13.07,12.13,9.96,11.31,12.69,8.48,17.17,3.15,8.60,8.85,21.92,17.06,11.57,0.00,12.10,22.77,0.00,0.00,9.36,3.36,6.03,0.00,8.84,10.08,9.72,1.41,11.80,10.94,7.83,17.18,22.65,0.00,21.40,18.79,12.31,21.65,28.86,22.85,8.28,8.52,8.70,0.00,10.57,6.50,12.05,9.60,27.17,5.95
201210,57068.18,56.04,10.80,0.00,8.54,9.74,13.63,0.00,15.32,8.47,9.91,19.46,10.01,34.30,0.00,0.00,12.93,7.10,33.01,8.90,4.27,27.30,18.35,0.00,12.93,12.19,9.17,10.02,13.24,8.37,18.79,3.17,9.79,8.72,20.42,15.71,10.15,0.00,13.13,22.68,0.00,0.00,9.09,3.31,5.90,0.00,8.86,10.80,10.77,1.31,10.50,10.70,6.65,17.13,22.20,0.00,19.75,17.47,12.96,20.78,31.83,23.67,7.80,8.38,9.30,0.00,9.63,5.98,11.82,9.30,28.78,5.88
201211,57474.57,56.50,12.29,0.00,13.23,9.71,13.85,0.00,15.75,10.29,10.99,18.90,10.28,36.02,0.00,0.00,13.30,7.50,33.84,9.86,4.36,27.54,17.77,0.00,13.38,11.91,6.29,5.99,12.22,7.99,18.94,3.03,9.91,8.39,20.22,15.74,10.25,0.00,12.52,22.85,0.00,0.00,9.84,3.58,4.86,0.00,8.84,11.94,11.19,1.30,11.60,10.45,7.30,16.98,23.19,0.00,17.54,15.68,12.90,19.52,27.14,23.82,8.10,7.83,9.01,0.00,9.63,6.25,11.45,11.86,28.89,6.87
201212,60952.08,59.69,13.39,0.00,14.70,10.59,16.39,0.00,15.50,10.93,11.07,21.77,9.55,39.16,0.00,0.00,14.09,7.70,29.78,10.10,4.87,29.26,16.64,0.00,13.44,12.08,5.21,6.50,13.52,8.42,18.12,3.29,10.56,8.45,20.63,15.93,12.90,0.00,13.51,23.95,0.00,0.00,10.32,3.68,5.39,0.00,9.33,11.65,11.42,1.40,8.48,10.94,7.74,17.53,24.04,0.00,17.96,16.40,13.19,21.45,28.62,23.92,8.47,9.01,10.35,0.00,9.60,6.81,11.63,12.14,32.49,6.82
201301,59761.49,58.69,14.40,0.00,13.20,10.54,15.62,0.00,14.79,11.40,11.53,20.49,11.20,40.80,0.00,0.00,14.88,7.36,26.87,9.98,5.15,32.94,15.79,0.00,13.18,12.30,5.86,7.84,15.40,8.21,19.23,3.32,11.16,8.16,20.08,15.52,14.49,0.00,13.98,25.37,0.00,0.00,10.62,3.83,6.85,0.00,9.12,11.30,11.41,1.39,10.25,12.65,7.36,16.76,22.02,0.00,16.74,15.19,12.81,20.69,29.86,24.70,8.29,8.16,10.88,0.00,10.35,7.31,12.49,9.81,30.94,6.38
201302,57424.29,56.14,14.07,0.00,12.10,10.14,16.86,0.00,14.69,11.38,11.15,19.27,10.88,40.06,0.00,0.00,14.38,7.98,27.24,10.53,5.45,32.70,15.69,0.00,13.07,11.99,5.72,7.78,15.65,8.09,19.52,3.54,12.27,8.06,18.87,14.61,12.57,0.00,14.21,23.93,0.00,0.00,10.85,3.93,6.16,0.00,9.36,11.48,10.79,1.17,9.85,12.55,8.20,16.49,21.41,0.00,13.31,13.95,13.76,21.22,33.76,26.42,8.14,7.59,11.03,0.00,10.24,7.18,12.60,9.29,29.05,6.75
201303,56352.09,55.10,13.32,0.00,12.88,10.32,17.92,0.00,14.44,12.51,11.86,17.46,10.19,41.60,0.00,0.00,14.87,8.05,25.61,10.79,5.50,31.78,16.41,0.00,13.02,12.14,5.75,7.88,16.89,8.50,19.37,3.59,11.11,7.00,17.58,13.84,11.80,0.00,12.91,22.42,0.00,0.00,11.26,4.07,6.10,0.00,9.02,11.10,10.84,1.06,8.44,12.75,5.42,16.98,20.69,0.00,15.48,15.42,12.63,20.05,34.79,26.54,8.31,6.93,11.80,0.00,9.91,7.41,12.07,10.26,26.82,6.65
201304,55910.37,54.45,13.18,0.00,9.94,10.67,16.41,10.47,13.63,12.32,11.44,17.39,12.99,46.22,0.00,0.00,14.37,8.72,29.53,11.54,5.95,33.29,17.13,0.00,13.65,12.22,4.47,6.48,16.43,8.60,19.88,3.77,12.07,7.00,17.88,13.90,12.40,0.00,13.01,21.49,0.00,0.00,10.53,3.85,5.79,0.00,8.87,11.24,11.17,0.83,6.81,11.09,5.55,16.69,21.23,0.00,17.88,17.57,12.13,20.05,35.37,23.25,8.35,6.25,10.47,0.00,10.14,7.01,11.01,9.35,27.03,6.70
201305,53506.08,52.45,13.22,0.00,8.60,10.87,16.64,11.34,12.88,12.71,11.95,15.01,12.47,46.61,0.00,0.00,14.19,8.76,27.79,11.96,6.72,33.15,17.90,0.00,13.13,12.16,5.03,7.36,18.37,8.87,20.61,3.74,12.71,7.34,14.98,11.62,9.31,0.00,14.04,22.19,0.00,0.00,11.16,4.02,6.34,0.00,8.64,11.01,10.91,0.94,7.58,10.26,4.45,16.39,21.25,0.00,17.68,17.53,11.82,21.38,36.97,22.20,8.67,5.23,9.79,0.00,10.71,7.04,10.99,8.44,24.03,7.23
201306,47457.13,46.50,13.31,0.00,5.66,9.56,14.68,10.81,11.70,10.96,10.10,13.74,12.29,45.24,0.00,0.00,12.86,8.06,22.68,12.18,6.60,30.32,16.47,0.00,11.85,11.23,4.13,6.42,19.32,7.94,19.33,3.30,12.21,6.67,14.43,11.23,7.17,0.00,11.93,19.65,0.00,0.00,9.92,3.55,5.86,0.00,8.29,9.98,9.38,0.62,7.50,10.10,4.32,15.23,19.98,0.00,13.81,14.15,10.51,20.19,32.84,19.09,7.81,4.72,9.24,0.00,9.86,6.98,10.19,7.05,22.96,7.21
201307,48234.49,47.32,13.86,0.00,9.17,9.52,15.04,11.32,11.84,11.08,9.72,15.24,13.12,45.77,0.00,0.00,13.00,8.44,22.18,12.23,6.94,30.32,16.78,0.00,12.58,11.51,4.07,6.12,18.28,8.28,20.30,3.32,13.45,7.11,16.46,12.99,7.82,0.00,13.56,20.56,0.00,0.00,10.05,3.58,5.77,0.00,8.55,10.15,8.86,0.59,7.21,8.85,4.34,14.81,19.25,0.00,14.34,14.24,10.39,18.00,30.62,19.33,7.85,5.20,9.68,0.00,10.54,7.32,10.48,8.26,24.48,7.22
201308,50011.75,49.50,13.49,0.00,11.76,9.16,15.82,12.08,10.60,11.34,9.73,16.79,13.10,51.98,0.00,0.00,12.60,7.53,23.12,12.70,6.85,29.65,15.80,0.00,12.14,10.97,4.40,6.74,18.45,7.50,19.73,3.58,13.41,6.87,19.22,15.34,8.46,0.00,13.33,19.67,0.00,0.00,10.10,3.61,6.67,0.00,8.20,9.65,8.42,0.66,6.12,10.51,5.57,14.10,19.11,0.00,14.89,14.69,11.60,15.74,32.04,16.18,7.86,6.87,9.92,0.00,10.15,8.10,10.93,9.78,27.16,7.22
201309,52338.19,51.29,13.75,0.00,12.25,9.70,17.98,13.69,11.77,12.38,10.68,16.74,13.25,50.85,0.00,0.00,13.09,7.78,24.38,13.28,6.75,30.47,15.71,0.00,12.94,10.87,5.55,7.70,16.83,8.46,21.13,3.75,13.15,6.83,19.21,14.85,10.59,0.00,14.68,21.74,0.00,0.00,10.97,3.89,7.02,0.00,8.68,10.41,9.34,0.87,6.05,9.83,6.10,15.66,21.13,0.00,15.81,16.05,12.59,17.11,30.41,17.87,8.68,7.72,11.32,0.00,9.83,8.87,10.96,9.98,27.19,6.98
201310,54256.20,52.70,13.55,0.00,14.48,9.90,20.69,15.36,12.70,12.90,11.35,18.14,14.84,49.53,0.00,0.00,14.06,8.06,23.81,15.07,7.09,32.04,15.51,0.00,12.94,10.90,6.31,8.76,15.44,8.98,21.98,4.14,13.21,6.46,20.79,15.81,11.33,0.00,16.05,23.02,0.00,0.00,12.07,4.17,7.30,0.00,9.62,10.60,9.92,1.10,4.55,9.24,6.47,15.54,19.12,0.00,18.22,17.86,13.05,15.29,27.84,19.61,8.92,9.95,11.64,0.00,10.04,9.86,11.10,11.27,28.98,7.52
201311,52482.49,51.28,14.26,0.00,12.15,9.34,17.93,15.94,11.21,12.33,10.91,17.76,15.52,48.13,0.00,0.00,13.96,7.94,22.68,15.01,8.49,30.67,15.75,0.00,12.21,10.81,5.26,7.65,17.13,8.38,22.27,4.28,15.28,7.32,20.75,16.21,9.91,0.00,15.64,21.30,0.00,0.00,11.50,4.02,7.61,0.00,9.21,10.16,9.19,0.97,4.32,10.12,6.19,15.20,18.44,0.00,17.08,16.72,13.55,15.77,27.07,20.12,8.66,9.99,11.29,0.00,10.02,9.96,10.77,11.81,29.07,8.14
201312,51507.16,50.24,14.06,0.00,13.20,8.76,17.19,15.38,9.98,11.61,10.37,17.53,15.67,46.38,0.00,0.00,13.41,7.64,21.87,14.55,8.43,28.23,15.47,12.53,11.12,10.86,5.21,7.30,17.92,8.00,20.93,4.13,15.58,6.94,21.39,16.52,10.48,0.00,14.49,19.94,0.00,0.00,11.02,3.89,7.95,0.00,9.07,10.06,8.98,0.87,4.00,11.19,5.64,14.82,17.66,0.00,14.91,14.93,13.99,13.83,22.77,21.86,8.13,12.07,10.68,0.00,8.91,10.64,10.84,13.48,28.94,8.08
201401,47638.99,46.46,13.26,0.00,20.14,7.59,14.72,14.25,8.90,10.43,9.33,15.59,13.87,41.07,0.00,0.00,11.73,7.59,19.60,14.24,7.92,25.63,14.67,11.67,11.03,9.02,4.64,6.91,17.45,6.80,20.10,3.97,14.28,6.96,19.58,15.45,9.60,0.00,12.52,17.92,0.00,0.00,10.64,3.68,7.66,9.93,8.34,9.41,8.16,0.92,4.16,10.68,5.52,12.95,16.76,0.00,12.84,12.85,12.74,13.60,22.94,18.39,7.50,9.39,9.61,0.00,8.67,10.91,9.30,11.29,26.79,7.10
201402,47094.40,46.08,13.91,0.00,20.11,7.97,14.68,14.98,10.51,10.68,9.83,14.90,12.05,40.76,0.00,0.00,12.13,7.32,18.21,14.07,9.39,24.74,13.61,11.72,10.09,9.06,4.44,6.68,19.88,6.30,19.34,3.54,16.87,7.54,16.37,13.00,11.08,0.00,11.93,19.12,0.00,0.00,11.17,3.81,6.80,9.28,8.52,9.26,8.50,0.82,4.10,10.26,5.43,13.69,15.22,0.00,12.11,11.88,13.21,15.47,23.43,17.76,7.63,8.59,10.81,0.00,8.83,9.89,9.49,9.27,26.75,8.00
201403,50414.92,49.09,13.97,0.00,23.95,8.91,16.43,16.15,11.46,12.32,11.24,13.76,13.28,43.03,0.00,0.00,13.15,8.31,20.03,16.32,10.74,25.15,15.07,12.41,10.55,10.01,5.86,8.00,19.25,7.26,20.44,3.65,17.45,7.27,15.99,13.14,10.94,0.00,13.47,19.46,0.00,0.00,12.13,4.15,7.03,9.40,9.07,10.76,9.48,0.76,4.39,9.83,5.41,14.38,16.82,0.00,13.95,13.80,14.27,18.40,26.28,17.43,8.42,8.50,10.94,0.00,9.42,10.23,10.67,9.70,25.47,8.31
201404,51626.69,50.29,13.54,0.00,21.43,9.03,16.87,16.80,11.23,12.56,11.96,14.05,11.79,47.96,0.00,0.00,13.21,9.26,17.44,17.83,10.28,27.27,15.81,13.41,10.79,10.45,6.91,9.27,18.41,7.34,19.31,3.65,18.23,5.88,14.84,12.10,14.29,0.00,13.49,20.11,0.00,0.00,13.18,4.40,6.98,9.45,9.12,10.86,9.81,0.90,4.16,9.75,4.72,14.63,16.85,0.00,15.07,15.39,13.48,17.80,30.67,18.11,9.98,7.39,11.87,0.00,9.76,10.45,10.92,8.27,24.50,9.17
201405,51239.34,49.98,13.17,0.00,24.73,8.78,16.46,18.33,11.02,11.73,11.26,13.54,11.34,45.79,0.00,0.00,13.30,8.96,16.21,18.07,12.30,27.11,15.21,11.79,10.55,11.38,6.17,8.18,19.47,7.11,19.34,4.08,20.70,6.73,15.08,12.13,13.17,0.00,14.87,20.06,0.00,0.00,12.50,4.22,6.87,9.24,9.78,10.69,10.12,0.96,5.30,9.54,4.80,14.27,17.03,0.00,15.18,15.50,14.68,17.80,28.13,18.68,10.61,7.42,12.57,0.00,10.10,10.80,11.71,7.48,23.67,8.87
201406,53168.22,51.69,13.09,0.00,26.94,9.33,18.19,20.86,11.19,11.90,11.64,14.74,10.92,50.72,0.00,0.00,13.63,10.05,16.57,20.54,13.40,28.88,16.99,11.07,11.03,11.87,5.98,8.87,19.32,8.21,19.22,4.50,22.51,6.60,14.45,11.77,12.02,0.00,15.81,20.27,0.00,0.00,12.60,4.30,6.96,8.96,10.03,11.34,10.61,1.09,5.96,10.79,5.22,15.23,16.43,0.00,15.66,16.06,16.23,17.15,28.93,20.19,10.73,8.12,11.39,0.00,10.36,11.47,11.39,7.19,24.37,9.67
201407,55829.41,54.33,13.14,0.00,32.13,9.75,20.29,21.29,11.66,13.07,12.57,16.74,10.87,53.13,0.00,0.00,13.51,11.51,15.74,18.73,13.46,26.77,16.55,11.87,10.03,10.74,5.85,9.20,20.62,8.02,19.80,4.53,21.67,5.87,14.92,12.14,13.73,0.00,14.85,22.02,0.00,0.00,13.84,4.70,7.64,9.16,9.97,11.62,10.26,1.06,6.62,11.23,5.09,16.12,15.85,0.00,17.35,17.74,16.33,17.84,30.22,17.23,10.81,9.89,9.93,0.00,10.64,10.68,11.75,7.63,27.12,9.35
201408,61288.15,59.69,13.67,0.00,36.46,10.96,25.68,23.38,13.85,14.79,14.85,14.89,11.81,57.34,0.00,0.00,15.34,11.94,20.85,18.94,14.93,33.49,18.88,13.18,11.32,11.21,7.63,10.43,20.87,8.55,21.85,4.71,22.88,6.29,14.73,11.84,13.87,0.00,15.98,24.97,0.00,0.00,16.07,5.44,9.27,9.32,11.00,12.74,11.48,1.07,7.60,12.97,6.38,17.26,18.40,0.00,21.35,21.68,17.41,20.50,28.65,18.34,10.97,8.48,11.29,0.00,12.15,11.15,12.29,7.66,24.27,9.62
201409,54115.98,52.64,13.45,0.00,31.56,9.09,18.76,21.07,11.50,12.94,12.67,13.05,12.55,55.75,0.00,0.00,13.25,9.34,18.48,18.37,13.70,28.33,16.30,12.86,9.85,9.46,6.14,8.53,23.16,7.57,20.44,4.44,19.58,5.56,13.14,10.76,11.70,0.00,14.44,22.53,0.00,0.00,13.49,4.63,8.38,9.70,9.79,11.19,10.67,0.90,6.66,12.50,5.74,14.99,16.59,0.00,16.63,16.80,15.06,19.76,22.09,16.96,11.27,7.52,11.10,0.00,10.79,11.45,11.20,6.04,22.37,9.84
201410,54628.60,52.98,13.95,0.00,31.06,8.85,20.57,21.63,11.84,13.49,13.58,12.19,14.04,61.73,0.00,0.00,14.57,8.86,18.86,18.68,15.73,28.43,15.86,12.29,9.83,8.69,5.82,7.92,23.01,7.32,20.05,4.53,22.09,6.46,12.44,10.13,12.82,0.00,14.21,22.79,0.00,0.00,14.65,4.94,10.12,10.04,9.88,11.78,11.14,0.98,6.05,12.41,5.73,15.33,16.15,0.00,14.13,14.19,15.67,21.22,23.58,16.63,9.50,7.13,9.63,0.00,10.15,11.96,10.87,5.41,21.61,10.07
201411,54724.00,53.15,14.33,0.00,27.51,8.65,22.04,21.96,10.98,14.12,14.41,11.60,14.91,63.56,0.00,0.00,13.93,9.35,18.45,20.18,15.97,26.22,16.81,12.78,9.93,9.07,5.64,6.52,22.67,7.65,21.17,5.00,21.47,6.53,12.10,10.01,15.03,0.00,14.25,23.34,0.00,0.00,15.39,5.24,10.99,11.52,9.68,13.63,11.51,0.95,6.54,11.09,5.98,15.44,15.82,0.00,11.72,11.89,17.29,23.02,21.60,16.47,10.54,5.23,9.29,0.00,10.75,11.07,10.69,4.93,20.14,10.46
201412,50007.41,48.54,13.91,0.00,21.59,8.08,17.91,21.04,9.87,12.92,13.01,11.00,13.56,60.73,0.00,0.00,12.17,8.85,15.37,19.13,13.81,23.71,15.77,12.87,8.82,8.79,5.43,6.91,23.57,7.00,20.66,5.02,18.33,6.67,10.52,8.80,15.18,0.00,13.67,22.34,0.00,0.00,13.80,4.78,10.25,12.05,9.87,13.89,11.50,0.91,6.10,9.63,5.24,14.32,14.29,0.00,9.25,9.30,17.29,23.99,17.57,14.59,9.58,4.82,9.60,0.00,10.71,10.46,10.57,4.79,18.94,10.57
201501,46907.68,45.61,15.20,0.00,21.93,7.47,15.57,19.24,9.15,12.62,12.52,8.93,9.64,62.15,0.00,0.00,12.06,8.02,13.81,18.37,10.96,20.16,14.36,10.48,8.63,8.55,4.80,5.19,22.89,6.76,19.01,4.53,12.85,5.67,9.17,8.36,12.22,0.00,14.97,22.07,0.00,0.00,13.13,4.65,10.47,11.31,9.67,12.54,10.60,0.81,5.00,8.40,4.83,14.55,14.06,0.00,7.75,7.60,16.51,24.46,13.37,11.40,8.99,3.73,8.48,0.00,11.16,10.52,10.13,3.18,16.09,11.05
201502,51583.09,50.01,15.82,0.00,19.29,8.24,17.94,21.77,10.16,14.13,14.02,10.18,9.92,62.20,0.00,0.00,13.16,8.74,13.52,20.53,9.26,23.25,15.84,11.87,9.24,8.69,5.01,5.85,24.01,7.03,20.39,5.02,14.86,5.66,10.39,9.34,10.05,0.00,15.68,24.74,0.00,0.00,14.93,5.29,11.46,13.22,9.70,13.46,12.65,0.73,4.82,8.75,4.75,16.47,13.09,0.00,9.14,8.89,16.17,27.05,19.38,14.53,10.20,4.61,9.73,0.00,11.90,10.59,10.36,3.92,18.37,10.67
201503,51150.16,49.50,15.99,0.00,19.19,9.16,17.61,22.03,10.17,13.69,13.28,8.14,8.52,61.11,0.00,0.00,12.87,8.64,12.45,21.22,9.17,22.92,17.45,11.75,10.57,7.41,5.39,5.74,23.71,8.08,21.55,5.66,14.27,6.55,10.13,9.39,7.82,0.00,16.18,25.61,0.00,0.00,14.45,5.24,13.00,15.13,10.06,13.31,13.69,0.61,4.04,7.15,5.61,16.92,12.53,0.00,9.24,9.04,14.18,27.29,13.79,15.19,10.18,5.06,10.57,0.00,11.91,9.45,11.27,4.71,15.51,11.08
201504,56229.38,54.62,16.41,0.00,26.33,10.27,20.46,23.68,9.85,13.66,14.41,9.75,10.28,62.17,0.00,0.00,13.15,9.80,13.52,23.37,9.80,24.25,17.49,14.98,9.68,7.31,6.83,7.48,22.72,9.05,21.80,5.89,14.26,6.70,9.22,9.29,7.60,0.00,16.32,24.81,0.00,0.00,15.78,5.57,14.23,15.36,9.76,13.57,15.99,0.61,4.24,8.53,5.77,16.03,13.41,0.00,13.74,12.12,15.42,32.59,13.00,15.57,11.78,7.52,10.72,0.00,11.69,8.57,10.75,5.69,19.79,11.19
201505,52760.47,51.35,15.95,0.00,24.53,9.39,17.80,22.40,9.39,11.92,12.65,9.01,10.58,62.22,0.00,0.00,12.23,9.86,10.09,22.29,10.23,20.90,17.02,16.85,8.97,6.27,6.04,7.96,23.07,8.31,20.82,6.21,14.34,7.09,7.32,8.06,7.79,0.00,17.87,24.30,0.00,0.00,14.06,5.10,14.44,15.80,8.94,13.09,16.30,0.52,4.07,9.92,5.57,15.07,13.35,0.00,12.78,11.45,12.02,33.94,12.60,16.22,11.48,5.74,9.92,0.00,12.14,8.51,11.52,4.86,17.52,12.00
201506,53080.88,51.46,16.64,0.00,19.62,9.80,19.25,22.91,8.99,12.82,12.87,8.51,11.11,63.40,0.00,0.00,11.81,8.25,9.51,24.42,10.64,20.89,16.94,16.24,8.17,6.70,5.50,7.23,22.91,9.10,21.03,6.47,14.10,7.52,5.98,6.97,7.37,0.00,18.58,22.60,0.00,0.00,14.02,5.16,15.14,15.87,8.58,14.03,17.24,0.43,5.69,11.17,5.73,14.50,12.82,0.00,13.53,11.80,12.47,38.30,12.70,14.43,12.25,4.82,11.46,0.00,12.13,9.25,12.04,3.93,15.98,13.31
201507,50864.77,49.37,16.96,0.00,17.32,8.73,17.48,21.66,7.94,12.68,12.33,7.96,10.23,69.92,0.00,0.00,12.06,6.56,9.26,24.37,8.59,17.28,16.97,16.16,7.68,6.00,5.42,7.29,23.14,10.31,22.29,6.44,11.12,7.37,3.29,5.49,5.68,0.00,16.64,21.99,0.00,0.00,13.57,4.86,14.26,17.81,7.89,13.95,16.61,0.44,5.31,10.99,5.65,14.25,12.11,0.00,11.17,9.75,12.88,41.58,9.10,15.28,11.58,4.04,13.08,0.00,12.35,8.48,10.83,3.75,15.61,13.20
201508,46625.52,45.34,16.63,0.00,15.01,9.14,14.24,19.83,6.92,11.55,10.42,7.58,11.48,67.63,0.00,0.00,11.79,5.23,10.88,21.37,7.82,15.08,13.82,14.33,6.93,6.04,4.66,6.41,22.29,8.86,20.91,6.50,9.77,6.84,2.85,4.93,4.16,0.00,13.52,18.93,0.00,0.00,12.13,4.26,13.10,17.00,6.29,13.19,15.03,0.31,6.40,11.33,4.67,12.58,11.27,0.00,10.24,8.53,10.80,37.94,7.88,13.76,10.44,3.26,13.25,0.00,10.91,7.95,9.84,2.84,15.65,11.76
201509,45059.34,43.43,17.05,0.00,14.30,9.39,12.34,17.14,6.46,10.84,9.69,6.63,13.60,68.67,0.00,0.00,9.64,4.86,10.99,20.58,6.95,17.05,13.09,11.92,6.83,5.27,4.91,7.47,24.73,9.07,21.05,6.23,11.05,6.69,2.76,5.14,3.67,0.00,12.55,18.88,0.00,0.00,12.12,4.19,15.55,18.35,6.86,13.14,14.21,0.22,7.17,12.98,4.47,12.95,9.28,0.00,8.24,6.72,9.39,37.48,6.01,13.85,9.67,3.66,13.51,0.00,11.79,6.78,9.35,3.19,14.48,10.88
201510,45868.82,44.40,16.76,0.00,14.03,9.66,12.97,18.38,6.92,10.77,9.51,6.67,17.77,58.47,0.00,0.00,10.00,4.98,12.00,20.55,8.88,20.93,13.63,12.61,7.40,5.15,4.70,8.05,27.43,8.92,21.12,6.32,12.11,6.75,2.46,5.10,3.55,0.00,14.37,19.59,0.00,0.00,12.11,4.22,13.19,18.49,7.34,13.56,14.29,0.18,6.37,12.42,5.44,12.85,10.89,0.00,9.05,7.16,11.22,38.33,7.34,14.64,10.61,4.05,14.36,0.00,12.30,7.63,10.61,2.65,15.20,10.14
201511,45120.36,43.70,16.37,0.00,14.20,9.77,13.35,17.95,7.92,11.04,9.58,4.53,21.39,53.54,0.00,0.00,10.57,4.59,11.96,19.71,8.37,20.41,13.85,11.92,6.10,4.52,5.42,8.87,29.49,9.38,21.14,6.45,10.51,6.68,1.87,5.77,3.41,0.00,18.39,19.90,0.00,0.00,12.72,4.25,11.49,20.01,7.50,13.99,13.51,0.13,5.88,11.11,6.06,13.01,10.07,0.00,9.07,7.12,10.23,38.00,6.00,16.55,11.35,5.13,16.34,0.00,10.89,6.91,10.39,2.10,11.74,10.70
201512,43349.96,42.13,15.81,0.00,14.65,9.56,12.27,16.81,6.86,9.76,9.12,4.25,22.53,53.89,0.00,0.00,10.39,4.26,12.21,18.86,8.62,21.34,13.36,11.77,6.19,4.40,5.39,8.92,29.32,9.54,21.16,6.36,10.93,6.59,1.57,4.40,2.52,0.00,17.83,17.38,0.00,0.00,12.15,4.11,11.43,19.77,7.01,15.74,13.24,0.27,6.35,12.94,6.37,11.82,11.17,0.00,8.26,6.22,9.78,34.12,6.24,16.56,12.31,3.73,14.26,0.00,10.71,6.20,9.69,1.48,11.61,10.57
201601,40405.99,39.19,16.52,0.00,12.76,9.01,11.53,15.98,7.33,9.33,8.59,2.83,19.58,47.52,0.00,0.00,10.58,4.22,10.39,19.02,7.69,21.29,14.27,10.90,5.90,3.45,5.45,8.58,27.94,9.60,21.38,6.72,9.17,6.01,0.97,3.41,1.53,0.00,18.35,18.54,0.00,0.00,11.52,4.11,10.00,17.71,6.23,15.15,13.74,0.22,6.10,11.95,6.71,12.88,10.66,0.00,6.68,4.49,9.34,39.89,1.89,18.65,10.54,3.31,13.85,0.00,11.12,5.75,10.12,0.81,8.66,10.93
201602,42793.86,41.45,15.73,0.00,11.11,10.20,11.27,17.23,8.32,11.09,10.11,3.43,20.80,50.64,0.00,0.00,10.46,4.19,10.63,17.41,9.02,23.33,14.70,11.50,6.77,3.91,5.32,8.34,29.33,10.09,22.31,7.11,10.00,6.71,1.14,3.34,2.31,0.00,20.69,20.12,0.00,0.00,12.05,4.19,10.55,18.25,6.54,16.17,13.94,0.30,6.25,11.49,7.78,14.62,12.78,0.00,7.09,4.77,8.92,44.25,2.63,19.78,12.07,4.85,12.30,0.00,12.06,6.28,9.84,0.86,10.52,9.38
201603,50055.27,48.64,16.78,0.00,13.76,13.51,16.63,21.22,9.11,14.35,12.84,5.21,19.09,50.67,0.00,0.00,11.86,5.77,11.81,19.80,10.43,27.37,17.25,14.59,8.61,5.19,6.21,8.97,23.21,9.98,23.18,7.61,9.26,8.88,2.30,6.17,2.77,0.00,23.09,22.70,0.00,0.00,14.82,5.03,10.13,16.44,8.45,16.23,16.15,0.45,6.49,10.89,8.69,16.71,12.76,0.00,10.25,7.75,10.30,50.34,3.34,20.97,13.68,6.67,12.48,0.00,12.90,7.23,8.50,1.76,13.50,10.00
201604,53910.51,52.15,17.29,0.00,13.18,15.09,18.60,21.43,10.46,14.75,13.52,7.21,21.17,48.58,0.00,0.00,13.67,4.89,11.49,22.76,11.63,27.76,17.47,17.22,8.70,6.49,7.29,10.94,20.02,10.65,24.11,8.03,9.60,10.35,2.75,7.39,2.44,0.00,24.95,24.87,0.00,0.00,15.61,5.33,8.37,14.79,9.43,15.65,16.28,0.49,6.49,10.28,8.82,18.34,12.26,0.00,12.80,9.50,10.32,53.08,4.28,23.31,14.98,12.25,13.02,0.00,13.10,7.09,8.94,2.42,17.55,10.83
201605,48471.71,47.02,17.04,0.00,9.52,14.06,13.96,19.47,9.28,12.88,11.91,5.93,18.11,45.10,0.00,0.00,12.89,4.23,10.60,21.57,10.17,29.24,16.67,19.39,8.13,6.79,7.49,10.68,18.29,10.31,22.62,8.61,8.79,10.75,1.83,5.27,2.27,0.00,23.59,24.12,0.00,0.00,13.80,4.83,9.69,15.50,9.51,15.01,16.38,0.53,6.29,9.21,7.45,17.00,10.83,0.00,9.82,7.47,11.16,55.68,4.74,22.59,14.03,6.10,11.65,0.00,13.06,6.60,9.39,1.62,12.67,10.27
201606,51526.93,49.90,16.99,0.00,9.04,15.90,14.68,20.08,10.32,14.29,13.27,7.53,16.42,44.56,0.00,0.00,14.20,5.47,12.37,23.01,12.48,29.66,18.78,20.74,8.72,7.25,12.02,15.04,17.07,11.50,24.42,9.18,13.72,11.40,1.89,5.58,3.45,0.00,19.32,26.24,0.00,0.00,14.40,5.15,9.69,13.17,9.86,15.70,18.62,0.59,5.62,8.91,8.17,18.75,12.26,0.00,11.10,8.75,13.61,61.04,4.90,25.67,14.68,7.29,12.16,0.00,13.31,6.34,9.68,1.91,14.50,9.85
201607,57308.21,55.68,16.88,0.00,12.51,16.86,17.99,21.53,11.29,15.47,14.95,9.19,15.99,54.30,0.00,0.00,15.83,6.83,15.42,24.97,13.25,30.32,20.83,19.57,9.50,7.10,16.50,19.03,14.46,12.14,26.90,10.48,14.28,12.94,2.57,7.34,5.13,0.00,22.94,28.45,0.00,0.00,16.07,5.67,10.56,14.51,11.58,18.74,21.42,0.70,5.68,9.34,10.24,19.82,16.01,0.00,13.51,11.02,15.73,64.07,6.12,27.19,16.58,10.32,13.40,0.00,17.95,7.71,10.42,3.64,16.49,10.95
201608,57901.11,55.93,17.23,0.00,15.73,15.93,19.96,21.40,9.91,15.42,15.33,8.75,20.79,53.85,0.00,0.00,14.42,6.58,14.87,22.82,12.76,33.50,21.20,20.34,8.96,7.19,21.09,24.34,13.97,12.07,25.45,9.55,13.42,15.95,3.51,8.62,6.33,0.00,21.81,26.73,0.00,0.00,17.25,5.89,12.11,14.62,11.59,18.82,20.14,0.92,5.11,9.18,9.30,18.29,14.98,0.00,14.21,11.93,16.59,57.69,7.20,25.95,18.45,8.02,12.70,0.00,16.48,7.71,9.59,3.37,15.10,11.88
201609,58367.05,56.56,17.79,0.00,15.34,14.95,19.72,21.93,9.88,15.03,15.66,8.31,21.66,55.32,0.00,0.00,14.32,6.45,14.99,22.27,13.68,33.58,22.06,21.79,8.67,7.69,18.03,20.39,13.68,12.14,25.12,9.50,14.41,16.00,3.25,8.41,6.24,0.00,23.29,27.66,0.00,0.00,17.10,5.72,11.45,14.66,11.40,19.76,19.29,1.17,5.22,9.34,9.02,19.83,15.01,0.00,14.60,12.60,14.03,64.22,6.32,26.65,17.89,8.48,12.62,0.00,14.90,7.33,9.71,3.42,15.87,12.74
201610,64924.52,62.90,16.90,0.00,15.09,16.72,25.33,23.59,10.26,17.18,18.05,11.05,25.63,53.40,0.00,0.00,14.66,7.33,16.14,22.20,14.70,38.22,22.09,22.20,9.11,8.19,22.19,23.36,16.75,12.96,26.46,10.75,14.98,17.62,4.49,10.46,7.86,0.00,22.36,28.08,0.00,0.00,20.34,6.47,9.41,14.15,11.44,20.28,21.28,1.41,5.69,9.84,9.34,20.13,14.74,0.00,17.98,16.43,15.03,68.66,7.14,29.75,21.39,10.01,14.98,0.00,14.74,8.22,9.25,4.37,19.68,12.69
201611,61906.36,60.00,15.53,0.00,10.90,14.85,24.74,20.77,8.67,15.78,16.07,12.72,24.93,51.65,0.00,0.00,12.76,5.94,14.19,20.36,13.43,35.16,22.49,21.56,7.91,7.03,24.01,24.20,16.18,11.97,23.82,9.91,14.38,16.29,5.53,12.89,5.42,0.00,21.70,25.43,0.00,0.00,18.77,5.90,9.46,14.72,10.00,16.04,17.72,1.59,6.51,11.92,8.74,18.24,12.60,0.00,17.81,14.86,14.12,62.48,6.36,26.45,22.90,11.59,14.59,0.00,13.57,7.70,6.87,4.03,25.01,11.23
201612,60227.29,58.24,15.05,0.00,9.81,14.94,24.46,20.77,9.60,15.95,15.84,12.74,31.05,48.25,0.00,0.00,13.84,6.04,12.99,19.11,12.39,34.64,22.99,21.63,8.70,7.33,21.35,22.11,15.62,11.77,23.25,10.32,13.97,15.72,4.54,10.27,4.62,0.00,21.83,24.84,0.00,0.00,18.21,5.89,11.05,15.37,9.94,16.65,18.32,1.62,6.61,11.82,8.27,18.63,11.14,0.00,16.34,13.81,14.82,59.44,6.14,25.42,24.02,10.12,14.23,0.00,15.17,7.26,7.76,3.98,23.02,11.24
201701,64670.78,62.39,15.85,0.00,11.54,16.75,27.09,20.49,11.78,17.60,17.87,17.84,29.50,44.46,0.00,0.00,13.45,7.16,13.31,18.22,12.56,36.57,23.30,23.73,10.97,7.59,19.50,21.11,17.58,12.34,23.78,11.03,14.06,16.75,5.32,11.60,6.26,0.00,23.35,27.76,0.00,0.00,20.05,6.60,11.53,14.08,10.70,16.41,18.88,1.95,6.46,11.69,9.64,19.69,12.23,0.00,15.61,13.95,15.86,63.63,7.50,27.68,26.56,10.77,14.70,0.00,15.70,8.30,8.43,5.09,28.85,11.54
201702,66662.10,64.50,16.44,0.00,11.83,17.23,28.82,21.62,11.98,17.88,18.27,20.11,29.31,40.62,15.41,0.00,15.69,8.38,14.96,18.76,12.71,36.23,23.49,26.04,11.01,8.18,20.12,21.01,17.51,12.06,24.57,11.29,13.25,19.10,5.54,12.32,8.48,0.00,23.11,28.97,0.00,0.00,21.97,7.31,11.34,13.57,11.19,16.09,20.20,3.18,6.25,10.51,10.79,20.27,12.40,0.00,15.39,14.10,15.17,57.70,8.58,29.03,29.15,11.17,15.35,0.00,16.10,9.05,8.18,4.78,29.33,12.31
201703,64984.07,62.78,16.81,0.00,12.17,17.47,29.49,22.06,11.64,17.57,17.71,18.77,28.78,38.61,16.09,0.00,15.65,8.09,15.44,19.59,12.42,35.29,23.70,26.38,11.22,8.22,16.01,18.85,17.02,12.26,23.50,11.16,14.03,18.85,4.68,10.36,8.34,0.00,24.74,30.55,0.00,0.00,20.81,6.92,9.89,13.26,12.16,16.05,22.04,2.70,5.71,9.50,11.12,20.91,14.11,0.00,14.61,13.46,15.89,57.15,8.55,28.77,23.46,8.49,15.48,0.00,16.79,9.37,8.96,4.31,26.70,12.71
201704,65403.25,63.19,16.83,23.96,13.18,17.22,28.69,22.58,11.28,17.85,18.29,17.45,30.95,39.79,15.41,0.00,15.52,6.96,18.92,20.01,13.98,33.70,23.91,28.26,11.18,8.59,16.91,19.56,15.13,11.79,22.59,11.03,16.04,23.41,4.35,9.32,10.04,0.00,25.69,31.53,0.00,0.00,21.57,7.21,9.95,13.88,13.80,16.52,23.55,3.42,7.22,10.10,12.34,21.35,14.71,0.00,13.85,12.97,17.40,65.70,8.73,26.83,23.26,7.23,15.57,0.00,16.83,9.57,8.99,4.13,25.45,12.93
201705,62711.47,60.56,17.24,23.59,12.44,16.75,24.92,21.98,11.12,16.33,16.58,16.80,30.03,43.32,11.98,0.00,14.54,6.15,19.03,18.94,13.66,33.56,24.18,27.53,9.12,8.37,12.87,15.87,15.77,11.72,22.46,10.24,15.64,25.30,4.22,9.07,7.80,0.00,25.21,30.23,0.00,0.00,19.54,6.52,7.84,14.73,13.32,14.32,23.10,3.85,6.30,10.92,10.23,20.21,15.84,0.00,13.13,12.03,22.05,70.13,8.48,26.58,21.69,6.40,16.55,0.00,17.37,9.26,9.76,3.85,25.17,13.88
201706,62899.97,60.93,17.02,23.45,11.53,17.95,23.63,21.64,11.09,16.67,16.97,18.10,31.00,39.20,12.23,0.00,14.82,6.50,17.54,20.53,14.01,32.21,24.38,29.72,9.35,9.42,11.65,15.09,14.94,12.47,22.97,10.39,13.15,23.89,4.70,9.78,7.55,0.00,24.88,31.29,0.00,0.00,20.20,6.59,6.35,14.31,13.83,13.73,24.04,3.93,6.76,12.31,10.68,20.77,12.50,0.00,12.73,11.49,22.58,68.43,8.65,29.02,21.31,6.69,16.42,0.00,16.87,9.13,9.76,4.46,26.86,12.93
201707,65920.36,63.72,17.80,27.30,13.10,18.63,25.31,20.74,12.25,18.33,18.32,20.28,33.82,36.92,13.40,14.61,14.98,6.86,19.09,21.78,14.21,33.63,24.71,32.71,10.45,9.72,12.64,15.33,15.57,12.62,23.70,10.87,18.35,26.77,4.98,10.14,8.95,0.00,25.05,34.88,0.00,8.19,20.53,6.75,7.48,14.11,15.97,15.37,25.73,5.63,6.42,12.40,11.32,22.86,12.18,0.00,13.31,12.34,25.81,67.35,10.34,30.75,21.75,7.11,16.28,0.00,17.77,9.93,9.71,5.01,28.99,13.92
201708,70835.05,68.41,18.46,26.55,18.21,20.15,27.25,21.58,12.62,19.61,20.39,23.62,34.55,42.52,14.47,15.24,15.31,6.75,24.32,18.72,17.06,35.95,24.92,35.05,11.25,9.73,16.49,18.88,17.71,13.39,24.44,11.72,23.22,28.44,5.35,11.29,11.33,0.00,26.41,35.55,0.00,8.39,22.43,7.51,8.43,15.22,18.32,17.43,26.87,8.72,7.13,11.58,10.66,23.24,14.35,0.00,13.47,12.68,27.42,67.69,10.33,29.47,24.03,8.10,16.68,0.00,17.37,10.52,10.11,6.68,32.49,15.04
201709,74293.51,71.58,19.56,29.20,20.82,21.81,31.05,22.29,13.06,20.32,21.30,21.18,38.46,45.67,16.69,14.96,15.53,6.42,25.92,18.64,19.03,33.72,25.04,37.58,11.78,10.38,18.50,20.87,17.71,13.30,24.54,11.75,27.88,26.44,5.00,10.52,13.35,0.00,28.82,37.32,0.00,8.46,24.10,8.13,8.26,16.31,17.81,18.88,31.73,9.11,6.47,11.20,10.87,23.42,15.17,0.00,15.25,14.21,30.11,73.36,12.09,30.50,23.68,8.96,16.59,0.00,17.18,10.78,10.19,7.55,29.52,15.73
201710,74308.49,71.77,19.43,27.40,20.91,21.77,30.64,21.59,11.77,19.96,21.09,21.09,47.47,44.25,19.49,15.51,16.01,6.42,26.61,18.98,17.07,34.84,25.29,39.64,10.92,11.10,20.64,23.31,15.51,12.65,24.24,11.70,26.38,25.91,4.83,10.43,13.85,0.00,30.60,36.57,0.00,9.18,23.39,7.72,7.33,16.80,17.86,17.25,30.34,7.83,6.43,11.50,9.99,22.84,15.06,0.00,16.80,15.57,27.81,76.50,12.70,27.31,24.63,7.86,16.63,0.00,15.83,11.32,10.61,8.55,29.73,15.69
201711,71970.99,69.40,19.11,26.87,16.93,21.24,26.81,20.93,11.22,18.50,19.86,22.24,41.16,38.48,16.82,14.65,13.93,5.48,23.37,19.42,17.30,33.37,19.31,41.27,10.39,11.16,17.53,19.65,15.49,12.12,24.41,12.27,27.57,23.53,4.82,10.59,14.04,0.00,29.40,36.47,0.00,9.78,22.96,7.65,7.69,16.01,18.54,14.55,29.85,6.98,6.85,10.85,10.54,22.21,14.18,0.00,15.38,14.28,24.37,86.07,13.02,29.97,24.88,6.86,16.59,17.24,16.65,11.09,9.86,8.30,32.55,16.87
201712,76402.08,73.82,20.08,26.90,20.19,21.07,28.58,22.18,11.81,20.02,21.12,26.09,39.97,36.60,16.82,14.71,14.21,5.70,23.58,20.04,17.56,38.66,17.80,44.78,11.28,11.41,18.10,20.88,19.88,12.41,24.46,12.59,29.52,26.57,5.50,11.83,14.60,0.00,32.22,37.44,0.00,9.68,23.78,8.11,9.54,15.78,20.48,16.73,31.29,9.91,7.32,10.65,11.88,22.75,16.17,14.86,16.31,14.95,25.09,89.95,12.97,31.46,27.44,7.81,17.31,18.40,16.92,12.31,9.77,8.83,37.69,17.82
201801,84912.70,82.00,20.71,31.05,20.93,24.12,35.64,24.22,11.92,24.57,25.44,28.43,46.07,35.35,19.42,15.53,13.79,6.23,20.57,22.91,15.51,40.65,19.73,50.91,12.78,10.56,19.03,21.79,19.90,12.15,24.76,13.45,31.53,27.04,6.54,13.76,18.11,0.00,33.37,40.87,0.00,10.69,29.20,9.93,9.77,15.97,23.94,16.66,33.38,10.44,6.81,9.63,11.97,23.28,17.08,18.25,20.54,18.29,24.76,82.73,14.27,33.34,32.09,10.25,19.20,20.34,15.97,12.68,10.62,11.50,38.81,17.51
201802,85353.60,82.50,20.83,33.63,23.44,23.69,37.54,23.38,11.07,23.02,24.21,31.05,43.30,29.92,21.16,14.33,11.17,6.82,21.17,20.61,14.80,40.40,22.14,51.84,13.09,9.32,23.19,25.66,21.63,11.79,26.97,13.76,30.49,24.45,7.49,15.88,19.20,0.00,31.70,37.53,0.00,11.02,29.41,10.42,9.63,16.20,24.09,16.64,30.44,11.24,5.97,9.08,11.99,22.53,16.79,19.71,22.32,19.93,23.27,76.17,14.24,34.51,32.92,9.46,20.19,21.41,16.25,13.25,9.98,11.95,42.18,17.30
201803,85365.56,82.43,22.78,38.20,25.26,24.68,37.13,23.52,10.81,24.05,24.68,28.61,44.76,22.83,21.12,14.47,11.00,7.11,19.00,17.94,13.06,38.66,22.91,56.00,13.05,8.12,19.66,22.17,21.45,11.80,26.98,13.74,31.46,25.03,6.78,14.84,21.65,0.00,33.21,37.32,0.00,12.38,29.96,10.97,9.09,18.73,26.73,18.57,30.35,12.09,5.94,7.57,12.83,22.04,15.80,20.61,22.53,19.88,18.03,73.44,13.15,32.08,35.74,8.21,20.76,32.84,17.23,13.53,9.41,10.59,39.97,16.80
201804,86115.50,83.18,22.08,36.40,28.47,23.49,33.21,22.08,10.13,21.95,23.77,33.49,42.57,24.80,20.55,14.57,10.70,7.03,17.75,16.64,13.46,37.05,22.50,53.62,11.86,9.23,17.85,20.97,22.10,12.77,26.17,13.88,28.96,24.08,7.43,15.94,19.42,27.18,29.10,34.57,20.24,13.99,29.80,10.83,8.51,19.21,25.96,19.66,28.93,13.21,7.92,8.20,12.13,21.35,15.91,20.85,23.75,21.33,20.00,67.53,14.85,33.18,34.26,8.19,20.60,40.61,16.88,15.03,10.47,10.62,46.09,17.18
201805,76753.61,74.07,18.64,26.51,24.97,20.21,27.67,20.94,9.56,17.96,20.07,29.34,44.16,21.42,17.86,15.49,9.21,6.77,15.78,14.69,10.49,37.18,21.30,47.16,10.38,7.61,13.69,15.41,22.45,12.16,26.17,11.86,22.83,22.67,6.50,14.23,13.49,29.48,26.05,30.43,21.33,14.26,25.11,8.93,8.73,19.13,23.02,17.51,26.33,13.43,7.91,7.08,11.18,18.83,16.65,16.52,21.44,17.66,15.65,61.14,13.81,24.68,30.37,7.18,18.66,42.63,16.18,12.72,9.18,8.04,47.94,16.60
201806,72762.51,70.35,17.17,21.33,26.50,19.19,26.18,19.65,9.00,16.80,18.52,27.53,49.37,18.00,16.99,14.70,9.05,6.44,13.45,14.32,9.04,33.71,20.16,41.80,9.77,7.13,11.41,12.46,24.24,12.76,24.22,11.08,22.13,24.39,5.90,13.38,10.42,29.38,25.50,29.87,21.43,14.30,23.58,8.04,9.09,17.86,22.15,16.43,26.13,15.85,8.14,6.27,10.00,18.47,14.95,16.61,18.76,15.99,15.48,65.34,14.10,21.98,26.34,7.33,17.42,44.48,15.72,12.50,8.90,7.13,46.96,15.70
201807,79220.43,76.45,18.53,24.13,27.73,22.33,29.70,19.68,9.23,19.36,21.19,30.68,53.21,22.65,18.18,15.19,9.42,7.26,13.92,12.53,10.97,35.33,20.23,40.78,10.29,7.52,16.17,17.73,19.23,12.55,26.45,11.95,23.56,25.25,7.34,16.04,13.81,27.68,25.82,32.60,24.30,15.80,26.31,9.13,8.82,18.41,22.16,17.88,27.47,16.38,8.20,7.54,10.97,19.52,14.37,17.70,21.19,18.35,16.82,73.17,14.85,23.59,32.97,8.56,21.03,44.07,16.99,11.85,9.64,8.64,51.93,18.01
201808,76677.53,74.12,18.00,23.00,26.03,20.42,27.76,20.32,8.49,17.45,19.71,29.26,57.59,20.13,19.47,14.18,8.37,6.58,15.49,13.18,10.03,33.35,20.56,39.35,9.70,6.84,14.81,16.65,19.58,12.33,27.39,11.12,20.46,23.86,7.57,15.56,11.21,25.45,25.50,29.67,25.29,17.58,25.16,8.40,9.19,19.62,20.09,15.37,25.16,16.13,5.72,5.82,10.79,18.11,14.32,17.96,21.38,17.97,13.22,75.77,14.23,23.03,31.27,8.19,21.89,46.80,17.31,11.74,8.77,7.86,52.24,18.62
201809,79342.42,76.61,17.51,24.05,27.29,22.13,27.24,20.00,8.93,17.90,19.92,34.91,56.84,21.97,20.23,14.44,7.57,6.32,16.77,11.16,11.18,31.06,22.20,40.05,9.54,6.90,14.52,17.13,19.82,11.76,26.34,11.21,22.69,19.77,7.69,16.68,11.05,23.59,26.54,30.07,26.16,19.66,26.28,8.86,9.17,18.28,21.29,15.64,27.65,15.17,5.30,5.01,10.20,18.32,14.02,17.70,23.46,19.67,13.82,71.43,14.98,22.26,32.28,8.71,24.78,47.56,17.22,11.21,8.27,8.11,58.28,19.25
201810,87423.55,84.08,15.60,30.59,33.99,25.10,39.55,21.98,11.79,21.05,23.85,32.55,50.72,21.90,18.78,14.86,10.18,9.73,21.38,12.03,11.20,30.90,23.39,52.34,12.96,9.11,22.00,24.47,20.92,12.88,29.54,13.27,21.00,19.35,7.65,15.78,18.40,25.04,27.90,37.63,23.94,21.44,29.34,9.86,10.02,17.16,26.91,18.53,33.53,20.90,6.41,5.49,10.49,22.52,16.10,21.77,29.35,25.76,12.08,61.95,16.65,26.38,38.30,8.92,23.63,37.44,19.17,11.08,8.27,10.01,55.25,17.55
201811,89504.03,86.37,16.15,34.74,37.70,26.67,41.68,23.50,12.16,23.38,26.75,29.93,52.70,22.17,21.04,16.68,12.06,11.22,24.59,8.67,10.38,33.02,25.02,57.19,12.64,9.30,22.87,26.05,21.79,12.59,32.72,14.17,23.85,20.05,7.14,15.15,21.60,27.82,30.08,37.89,27.68,22.34,32.19,10.83,11.50,15.66,25.19,19.42,34.87,20.39,6.20,5.51,10.07,22.73,20.20,22.20,27.33,23.84,11.63,61.27,17.44,26.64,38.77,8.27,25.63,40.45,19.98,11.33,9.55,9.11,51.44,17.37
201812,87887.26,84.60,14.99,36.00,41.39,25.55,43.55,24.04,12.22,24.06,27.43,29.85,46.08,21.93,22.37,17.86,10.40,12.37,27.88,8.39,8.77,32.06,26.84,56.99,14.29,9.38,22.68,25.91,21.68,13.56,31.87,14.55,22.89,18.36,6.77,14.50,25.10,30.86,28.63,40.29,28.85,24.91,31.75,10.63,11.33,15.07,27.92,19.42,37.90,22.42,5.46,4.99,11.61,23.81,22.22,23.82,24.73,21.95,10.81,56.51,17.00,29.73,38.75,8.24,27.25,37.67,21.34,11.32,8.94,8.98,49.68,17.15
201901,97393.74,94.00,17.06,37.11,49.25,30.00,48.58,27.06,13.61,28.63,32.14,27.04,50.83,23.54,28.83,19.73,13.81,12.36,29.99,11.27,11.30,42.53,30.33,59.61,15.71,11.39,35.01,37.43,19.34,16.24,40.40,17.20,29.97,20.81,7.27,15.31,24.72,33.86,30.19,43.14,33.31,25.45,34.70,11.88,14.75,17.64,31.25,20.85,40.67,22.25,6.08,6.10,14.09,25.62,23.55,24.70,28.77,24.76,13.30,61.31,19.65,40.93,44.83,9.51,31.04,45.50,23.25,12.00,10.99,9.63,44.33,18.42
201902,95584.35,91.85,16.79,37.65,47.63,31.25,47.92,24.36,12.52,27.41,30.74,27.71,52.91,20.57,33.27,19.27,13.21,12.85,29.02,10.50,10.84,41.87,28.55,54.40,15.79,11.32,34.62,35.84,19.08,16.73,39.73,16.03,26.55,18.68,7.00,14.81,26.66,32.23,25.50,40.67,32.95,26.56,33.11,11.53,13.12,17.14,32.42,19.70,38.69,21.55,5.50,6.38,12.76,24.77,24.09,22.66,29.08,26.19,12.99,64.68,19.46,37.14,41.91,12.20,29.39,47.14,22.57,11.44,12.04,9.49,45.88,18.09
201903,95414.55,91.81,16.40,38.27,41.59,30.79,46.28,23.67,11.82,26.94,30.52,30.67,49.51,22.65,35.27,19.83,10.90,12.40,28.73,9.22,10.48,40.87,28.35,51.00,15.03,9.59,34.34,34.82,18.45,16.42,41.23,15.61,25.63,19.74,6.98,14.91,25.90,30.42,24.55,37.89,32.69,27.94,32.37,11.19,15.56,16.18,31.12,16.59,39.23,21.48,5.98,7.03,13.14,23.02,22.60,21.46,30.33,27.16,13.15,64.74,19.15,39.64,41.00,15.15,29.02,46.05,22.42,11.41,13.01,9.86,49.62,17.72
201904,96353.33,92.88,18.00,34.00,37.68,33.03,47.19,25.22,11.56,26.49,30.36,30.67,46.47,31.05,40.32,20.93,10.85,13.15,30.84,7.46,9.66,44.91,27.74,52.90,16.42,8.11,31.38,33.16,19.64,17.00,42.94,16.02,26.68,20.07,6.68,13.94,22.78,30.05,26.89,37.81,35.00,28.76,31.82,11.12,19.32,15.77,34.07,15.55,42.24,23.82,7.32,8.40,13.63,23.58,26.01,22.79,29.17,26.26,14.98,68.55,18.10,45.46,42.22,13.56,30.38,40.73,23.73,11.32,14.72,8.54,48.81,18.29
201905,97030.32,93.59,17.10,39.20,30.93,35.06,49.67,26.63,12.13,27.91,31.59,30.07,41.61,27.70,45.53,22.90,12.72,13.59,28.51,6.51,10.30,46.16,29.06,48.10,16.11,9.46,33.02,34.13,18.95,19.26,44.81,17.01,28.91,19.16,6.40,13.73,26.98,36.53,28.94,39.61,40.86,31.20,32.93,11.57,21.37,14.95,35.82,15.97,43.65,24.41,6.83,8.20,16.15,24.44,29.87,24.57,27.58,24.84,17.55,68.83,19.36,42.76,42.87,16.18,33.99,32.08,24.42,10.65,13.05,8.11,47.74,18.75
201906,100967.20,97.11,17.43,43.29,32.23,36.10,51.84,28.90,13.56,28.61,32.24,32.18,34.07,29.52,49.58,21.77,13.00,13.67,28.85,6.66,10.93,45.19,28.77,46.41,19.21,10.76,33.83,34.45,19.41,18.34,42.05,18.12,28.46,20.65,7.16,15.05,32.60,39.16,28.72,45.50,40.18,30.16,34.13,12.05,20.74,15.72,38.68,16.29,46.82,26.29,6.29,7.95,18.78,27.50,28.13,24.04,29.33,26.65,20.01,75.62,20.73,45.72,42.64,16.35,36.53,32.85,25.00,11.26,14.52,8.85,50.48,21.03
201907,101812.13,97.98,19.61,51.78,37.37,40.76,47.30,28.96,14.21,26.76,29.63,30.97,33.11,33.41,58.23,23.16,14.22,13.02,31.04,7.17,12.52,49.82,30.47,47.40,23.29,11.78,37.80,37.89,19.31,18.72,46.69,18.66,33.67,22.76,6.57,13.61,40.97,41.69,29.15,47.62,43.55,29.09,32.79,11.66,24.34,15.42,41.53,17.96,47.12,32.84,6.63,8.62,19.46,28.13,30.46,25.58,28.13,25.36,19.93,82.48,21.92,51.65,40.42,16.17,40.91,30.67,25.61,11.83,16.02,8.67,48.52,23.59
201908,101134.61,97.61,18.24,47.10,46.84,43.28,44.86,29.91,13.48,26.08,28.32,27.85,27.45,38.14,57.71,22.29,15.46,13.59,32.45,7.68,10.08,48.95,30.63,49.46,24.05,12.40,44.08,44.93,17.95,19.51,43.51,18.91,30.88,23.42,6.22,12.81,33.20,51.57,31.08,45.55,55.89,33.23,32.71,11.81,28.97,14.65,44.40,18.53,50.19,36.15,8.35,8.49,18.90,25.75,32.85,27.69,27.82,24.99,25.64,91.46,22.10,50.01,40.19,14.05,47.17,29.08,26.53,12.06,17.86,7.83,44.39,22.28
201909,104745.32,101.01,18.76,49.71,48.19,42.45,44.34,32.07,14.41,26.91,29.17,30.92,31.63,38.20,57.68,21.04,16.41,13.20,34.11,7.95,11.17,52.09,31.10,52.05,22.96,14.10,38.53,40.21,17.91,19.02,42.94,19.80,35.41,25.78,6.22,13.10,32.30,53.71,32.39,47.07,54.06,34.60,33.78,12.68,32.05,14.97,43.01,19.75,50.19,36.90,11.02,9.79,16.92,28.58,33.72,26.47,29.67,27.00,27.89,95.36,24.50,47.98,42.76,13.22,46.62,33.65,27.19,11.67,19.14,7.74,46.52,24.03
201910,107219.83,103.23,16.94,52.52,50.63,47.08,46.94,31.10,15.35,29.15,31.19,31.36,27.70,35.51,64.00,19.10,16.06,12.57,30.92,7.52,9.67,56.59,31.22,47.74,25.71,13.75,37.96,39.22,17.53,18.41,43.78,20.11,38.52,24.83,6.26,13.37,36.60,56.15,33.42,47.44,59.79,34.72,34.95,13.19,27.65,15.38,40.85,19.78,50.47,44.56,10.75,10.34,16.88,29.08,31.03,27.19,32.18,29.78,31.89,109.48,22.80,52.83,44.67,11.79,47.18,32.64,27.27,11.35,20.64,7.19,45.98,25.29
201911,108233.28,104.35,17.59,53.10,56.15,46.43,46.98,31.54,15.57,27.75,29.61,33.50,27.99,36.60,69.21,18.80,16.79,12.02,31.50,7.77,10.25,60.81,29.87,37.41,25.62,14.40,33.44,34.38,18.00,19.31,45.24,20.37,41.63,27.81,7.78,16.97,34.06,55.55,32.42,47.00,56.50,34.31,33.58,12.77,27.84,17.52,42.61,22.04,51.51,44.95,10.70,14.70,17.24,28.79,33.12,27.35,30.89,28.75,36.79,112.46,24.43,55.52,41.86,12.55,51.97,38.56,27.24,13.46,21.45,8.43,48.69,30.17
201912,115645.34,111.23,18.67,58.28,62.65,41.81,52.09,34.51,18.06,30.72,32.61,38.28,29.85,35.20,75.01,23.34,18.54,12.96,33.55,8.34,11.43,68.12,33.61,41.21,29.40,16.30,36.29,36.59,19.73,21.45,50.80,22.50,46.62,29.79,9.26,19.96,36.80,63.73,35.05,52.39,68.02,35.99,35.84,13.57,25.22,18.39,47.20,25.90,55.96,47.61,9.96,12.84,21.55,32.95,38.67,29.41,31.69,30.18,37.09,111.28,26.10,58.58,47.01,14.09,58.85,39.68,30.20,15.57,21.47,9.42,53.30,34.42
202001,113760.57,108.90,17.85,59.26,70.96,47.29,47.87,33.01,18.40,28.28,29.67,37.01,31.55,30.55,74.50,22.58,17.82,14.05,24.46,7.07,11.62,78.04,36.18,34.34,31.49,17.73,37.65,39.11,18.14,22.08,52.05,23.53,51.73,30.36,9.51,20.01,34.25,60.05,34.93,52.78,69.97,41.43,31.72,12.38,26.96,20.73,53.39,27.55,57.21,55.74,10.97,11.93,20.87,34.68,47.58,28.16,30.05,28.45,41.45,123.82,23.20,59.00,41.64,12.89,61.87,39.67,29.98,16.75,24.83,9.54,50.27,39.14
202002,104171.57,100.60,14.54,44.44,61.94,47.09,46.63,31.85,16.34,24.68,27.61,33.39,26.89,27.04,67.11,20.68,15.95,13.12,22.22,6.85,10.09,71.64,33.59,24.21,29.54,15.78,33.15,34.30,16.96,20.19,47.53,24.34,50.93,29.76,7.93,16.90,25.60,55.18,33.68,49.54,63.01,30.73,31.89,11.96,22.19,19.25,49.32,26.60,53.08,50.46,12.07,11.62,19.49,30.52,45.51,25.52,26.88,25.34,34.24,119.51,21.12,56.83,39.46,11.17,53.09,38.14,29.04,16.13,23.62,8.09,44.31,42.99
202003,73019.76,69.35,11.92,17.55,47.84,35.80,27.89,24.85,9.98,17.02,18.79,29.16,17.22,15.09,33.02,20.62,11.46,8.37,14.67,4.44,4.00,52.64,25.40,10.44,13.99,9.45,22.91,24.91,9.54,16.09,38.92,17.37,21.76,20.24,4.65,10.05,11.37,42.39,28.34,31.07,44.96,8.95,23.02,8.75,19.88,15.99,26.25,18.00,33.49,38.95,8.85,7.95,12.24,19.08,25.74,15.17,14.00,13.99,23.60,101.65,19.65,37.83,26.40,6.97,33.42,35.79,25.01,12.44,15.53,4.87,43.22,33.48
202004,80505.89,77.21,11.34,17.40,73.00,38.32,28.50,26.55,10.04,17.50,19.08,29.86,21.14,19.39,42.02,19.99,12.35,8.95,14.75,4.06,5.54,59.08,27.46,12.98,15.75,10.49,23.28,26.64,8.65,17.00,39.12,18.09,30.35,22.80,5.15,11.74,12.40,52.44,28.83,32.73,54.81,9.44,22.71,8.98,23.84,17.81,34.12,24.88,38.33,49.64,12.84,12.26,15.15,20.89,35.52,19.10,18.47,18.05,25.92,104.64,19.79,40.08,26.73,8.95,44.25,39.41,26.63,12.76,19.72,4.80,44.86,39.83
202005,87402.59,84.15,12.48,14.28,91.31,45.43,30.84,25.28,9.81,17.75,18.90,35.25,27.74,23.13,48.52,18.49,14.70,10.15,13.13,4.09,5.26,64.48,30.49,13.55,16.78,13.15,27.48,29.38,7.15,17.67,42.41,19.79,28.48,23.35,6.17,13.43,12.03,54.86,31.94,32.40,62.30,7.67,23.00,8.84,21.97,19.71,38.40,28.25,38.49,64.28,13.03,13.39,15.17,20.69,37.18,21.16,20.63,20.34,23.72,109.29,22.53,54.32,25.50,10.32,44.35,37.86,28.54,13.62,20.11,6.15,53.00,41.72
202006,95055.82,91.62,14.14,20.11,106.69,54.94,32.15,27.27,10.08,18.93,20.66,36.51,23.22,21.26,75.99,19.75,14.50,10.36,14.12,4.62,6.61,70.92,28.99,17.07,22.63,12.97,29.76,30.85,8.09,17.42,42.09,22.92,33.65,24.59,7.31,16.01,18.55,62.17,33.30,33.35,68.01,10.17,25.42,9.59,21.15,20.33,40.91,32.18,41.80,71.57,12.61,13.15,18.00,20.50,39.90,21.07,22.12,21.55,29.00,110.62,22.49,57.70,28.02,10.68,44.77,36.79,28.10,14.20,23.15,7.27,55.92,50.51
202007,102912.24,99.29,13.90,20.31,119.32,63.44,33.58,27.83,9.90,20.71,22.42,43.05,22.80,20.70,86.42,22.44,14.96,11.28,14.80,5.37,8.28,90.40,31.40,20.80,27.42,14.52,36.94,38.45,7.61,18.56,46.17,25.53,33.89,25.61,8.04,17.45,17.91,65.14,36.12,33.55,66.76,7.97,26.87,10.67,21.54,20.66,50.92,34.10,41.13,80.71,14.41,13.58,19.14,21.14,47.04,22.20,22.70,22.20,28.00,124.10,22.22,60.85,29.89,12.25,50.70,42.00,28.96,15.75,25.83,8.13,60.71,67.35
202008,104125.64,100.17,13.26,21.45,123.01,64.05,34.35,28.77,11.32,20.42,21.97,43.85,24.10,21.91,89.64,21.30,14.68,11.41,14.78,5.60,7.27,87.86,31.76,19.59,26.20,14.45,38.04,39.45,7.58,18.29,46.48,25.02,33.38,25.90,8.32,18.06,18.60,66.25,35.06,36.65,70.57,7.84,26.03,10.32,22.05,23.25,51.63,34.55,42.85,85.91,13.94,13.24,18.99,23.61,48.03,22.49,23.83,23.22,28.88,118.64,22.77,59.62,29.80,13.11,50.88,46.32,28.89,15.20,28.82,8.33,61.83,69.83
